index,type,class_idx,feature_idx
1574,weight,0,1574
1976,weight,0,1976
2851,weight,1,803
3183,weight,1,1135
3974,weight,1,1926
10421,weight,5,181
10504,weight,5,264
10529,weight,5,289
10569,weight,5,329
10627,weight,5,387
10891,weight,5,651
11084,weight,5,844
11144,weight,5,904
11185,weight,5,945
11199,weight,5,959
11476,weight,5,1236
11553,weight,5,1313
12053,weight,5,1813
12126,weight,5,1886
12177,weight,5,1937
12968,weight,6,680
13366,weight,6,1078
13388,weight,6,1100
13511,weight,6,1223
14083,weight,6,1795
14171,weight,6,1883
14275,weight,6,1987
14911,weight,7,575
53483,weight,26,235
55783,weight,27,487
57709,weight,28,365
58404,weight,28,1060
59766,weight,29,374
60787,weight,29,1395
61214,weight,29,1822
66088,weight,32,552
67041,weight,32,1505
67511,weight,32,1975
67765,weight,33,181
67772,weight,33,188
69881,weight,34,249
70034,weight,34,402
70577,weight,34,945
70944,weight,34,1312
70948,weight,34,1316
73227,weight,35,1547
74673,weight,36,945
75397,weight,36,1669
79154,weight,38,1330
80363,weight,39,491
81202,weight,39,1330
84576,weight,41,608
86975,weight,42,959
87234,weight,42,1218
87753,weight,42,1737
92875,weight,45,715
93707,weight,45,1547
93888,weight,45,1728
94099,weight,45,1939
94868,weight,46,660
102273,weight,49,1921
102660,weight,50,260
102865,weight,50,465
104831,weight,51,383
105407,weight,51,959
106777,weight,52,281
107601,weight,52,1105
108269,weight,52,1773
108327,weight,52,1831
108922,weight,53,378
111502,weight,54,910
111765,weight,54,1173
111777,weight,54,1185
113414,weight,55,774
115272,weight,56,584
115361,weight,56,673
116144,weight,56,1456
117135,weight,57,399
119158,weight,58,374
119422,weight,58,638
119461,weight,58,677
119757,weight,58,973
121406,weight,59,574
124209,weight,60,1329
126737,weight,61,1809
127362,weight,62,386
128036,weight,62,1060
128059,weight,62,1083
128150,weight,62,1174
128661,weight,62,1685
129491,weight,63,467
130034,weight,63,1010
130596,weight,63,1572
132806,weight,64,1734
133325,weight,65,205
133571,weight,65,451
134414,weight,65,1294
135659,weight,66,491
136186,weight,66,1018
136251,weight,66,1083
136286,weight,66,1118
136873,weight,66,1705
137299,weight,67,83
138427,weight,67,1211
139351,weight,68,87
139503,weight,68,239
139933,weight,68,669
140209,weight,68,945
140380,weight,68,1116
141841,weight,69,529
142064,weight,69,752
142200,weight,69,888
142230,weight,69,918
142320,weight,69,1008
142402,weight,69,1090
142615,weight,69,1303
142642,weight,69,1330
142660,weight,69,1348
142723,weight,69,1411
142783,weight,69,1471
143144,weight,69,1832
143241,weight,69,1929
143819,weight,70,459
144041,weight,70,681
144202,weight,70,842
144443,weight,70,1083
144663,weight,70,1303
144752,weight,70,1392
145193,weight,70,1833
145309,weight,70,1949
145348,weight,70,1988
149679,weight,73,175
149683,weight,73,179
149878,weight,73,374
150949,weight,73,1445
153641,weight,75,41
154162,weight,75,562
155148,weight,75,1548
155479,weight,75,1879
155515,weight,75,1915
155539,weight,75,1939
158820,weight,77,1124
159166,weight,77,1470
159227,weight,77,1531
159960,weight,78,216
159977,weight,78,233
160059,weight,78,315
160077,weight,78,333
160201,weight,78,457
160243,weight,78,499
160283,weight,78,539
160301,weight,78,557
160308,weight,78,564
160349,weight,78,605
160714,weight,78,970
160827,weight,78,1083
161134,weight,78,1390
161292,weight,78,1548
161473,weight,78,1729
161535,weight,78,1791
161720,weight,78,1976
161744,weight,78,2000
172721,weight,84,689
180862,weight,88,638
185737,weight,90,1417
197099,weight,96,491
199574,weight,97,918
209551,weight,102,655
219224,weight,107,88
219385,weight,107,249
219700,weight,107,564
219875,weight,107,739
220349,weight,107,1213
220606,weight,107,1470
220861,weight,107,1725
220875,weight,107,1739
221251,weight,108,67
221299,weight,108,115
221440,weight,108,256
221466,weight,108,282
221989,weight,108,805
222246,weight,108,1062
223336,weight,109,104
223564,weight,109,332
223627,weight,109,395
223697,weight,109,465
223774,weight,109,542
223776,weight,109,544
224011,weight,109,779
224039,weight,109,807
224060,weight,109,828
224076,weight,109,844
224077,weight,109,845
224177,weight,109,945
224249,weight,109,1017
224351,weight,109,1119
224534,weight,109,1302
224735,weight,109,1503
224849,weight,109,1617
224972,weight,109,1740
225027,weight,109,1795
225242,weight,109,2010
225982,weight,110,702
226124,weight,110,844
226617,weight,110,1337
227019,weight,110,1739
227406,weight,111,78
227432,weight,111,104
227648,weight,111,320
227675,weight,111,347
227766,weight,111,438
228140,weight,111,812
228273,weight,111,945
228726,weight,111,1398
228775,weight,111,1447
228872,weight,111,1544
228917,weight,111,1589
228919,weight,111,1591
229101,weight,111,1773
230329,weight,112,953
230489,weight,112,1113
230661,weight,112,1285
232461,weight,113,1037
233581,weight,114,109
235540,weight,115,20
235563,weight,115,43
235921,weight,115,401
236763,weight,115,1243
237245,weight,115,1725
237578,weight,116,10
237699,weight,116,131
237824,weight,116,256
237890,weight,116,322
238097,weight,116,529
238154,weight,116,586
238467,weight,116,899
238871,weight,116,1303
239348,weight,116,1780
239363,weight,116,1795
239377,weight,116,1809
239935,weight,117,319
240919,weight,117,1303
240946,weight,117,1330
245847,weight,120,87
245919,weight,120,159
245993,weight,120,233
246322,weight,120,562
246705,weight,120,945
247168,weight,120,1408
247232,weight,120,1472
247495,weight,120,1735
247591,weight,120,1831
247631,weight,120,1871
249106,weight,121,1298
249464,weight,121,1656
249966,weight,122,110
252425,weight,123,521
253260,weight,123,1356
255755,weight,124,1803
258257,weight,126,209
259129,weight,126,1081
259858,weight,126,1810
259879,weight,126,1831
267706,weight,130,1466
268015,weight,130,1775
273293,weight,133,909
283688,weight,138,1064
284611,weight,138,1987
290954,weight,142,138
293245,weight,143,381
300843,weight,146,1835
303956,weight,148,852
308542,weight,150,1342
313997,weight,153,653
314060,weight,153,716
328538,weight,160,858
329221,weight,160,1541
346534,weight,169,422
357968,weight,174,1616
364178,weight,177,1682
365245,weight,178,701
387494,weight,189,422
391542,weight,191,374
393590,weight,192,374
405613,weight,198,109
412113,weight,201,465
413157,weight,201,1509
423944,weight,207,8
439487,weight,214,1215
452772,weight,221,164
453616,weight,221,1008
455807,weight,222,1151
463422,weight,226,574
463539,weight,226,691
467552,weight,228,608
467635,weight,228,691
467666,weight,228,722
468066,weight,228,1122
468078,weight,228,1134
468153,weight,228,1209
468170,weight,228,1226
468295,weight,228,1351
468442,weight,228,1498
468660,weight,228,1716
468716,weight,228,1772
470385,weight,229,1393
472143,weight,230,1103
477583,weight,233,399
503713,weight,245,1953
520443,weight,254,251
521803,weight,254,1611
527545,weight,257,1209
543094,weight,265,374
543319,weight,265,599
557072,weight,272,16
558156,weight,272,1100
558849,weight,272,1793
587364,weight,286,1636
591269,weight,288,1445
592282,weight,289,410
596122,weight,291,154
596408,weight,291,440
597119,weight,291,1151
598356,weight,292,340
598571,weight,292,555
598662,weight,292,646
598819,weight,292,803
598938,weight,292,922
599234,weight,292,1218
599287,weight,292,1271
599487,weight,292,1471
599564,weight,292,1548
599617,weight,292,1601
599780,weight,292,1764
599926,weight,292,1910
600027,weight,292,2011
607774,weight,296,1566
609883,weight,297,1627
614624,weight,300,224
615717,weight,300,1317
618387,weight,301,1939
620947,weight,303,403
622790,weight,304,198
622989,weight,304,397
623016,weight,304,424
623273,weight,304,681
623315,weight,304,723
623390,weight,304,798
623677,weight,304,1085
623697,weight,304,1105
624103,weight,304,1511
624236,weight,304,1644
624529,weight,304,1937
624579,weight,304,1987
624681,weight,305,41
624864,weight,305,224
624958,weight,305,318
625020,weight,305,380
625204,weight,305,564
625458,weight,305,818
625490,weight,305,850
625510,weight,305,870
625585,weight,305,945
625593,weight,305,953
625716,weight,305,1076
626087,weight,305,1447
626112,weight,305,1472
626187,weight,305,1547
626216,weight,305,1576
626413,weight,305,1773
626511,weight,305,1871
626555,weight,305,1915
626579,weight,305,1939
629841,weight,307,1105
633276,weight,309,444
633389,weight,309,557
633437,weight,309,605
633600,weight,309,768
633660,weight,309,828
634034,weight,309,1202
634223,weight,309,1391
634261,weight,309,1429
634325,weight,309,1493
634438,weight,309,1606
634493,weight,309,1661
634646,weight,309,1814
634921,weight,310,41
634962,weight,310,82
635086,weight,310,206
635113,weight,310,233
635129,weight,310,249
635254,weight,310,374
635437,weight,310,557
635915,weight,310,1035
636070,weight,310,1190
636197,weight,310,1317
636250,weight,310,1370
636352,weight,310,1472
641340,weight,313,316
641675,weight,313,651
641841,weight,313,817
642107,weight,313,1083
642127,weight,313,1103
642135,weight,313,1111
642209,weight,313,1185
642236,weight,313,1212
642293,weight,313,1269
642421,weight,313,1397
642526,weight,313,1502
642895,weight,313,1871
642963,weight,313,1939
643011,weight,313,1987
643113,weight,314,41
643321,weight,314,249
644424,weight,314,1352
644543,weight,314,1471
644671,weight,314,1599
647829,weight,316,661
648082,weight,316,914
649449,weight,317,233
649802,weight,317,586
650862,weight,317,1646
651036,weight,317,1820
651763,weight,318,499
651963,weight,318,699
652253,weight,318,989
652498,weight,318,1234
654062,weight,319,750
655031,weight,319,1719
657089,weight,320,1729
662697,weight,323,1193
663965,weight,324,413
664198,weight,324,646
664327,weight,324,775
664787,weight,324,1235
665539,weight,324,1987
665656,weight,325,56
665806,weight,325,206
666548,weight,325,948
672328,weight,328,584
672632,weight,328,888
672646,weight,328,902
672879,weight,328,1135
673641,weight,328,1897
674854,weight,329,1062
674892,weight,329,1100
674980,weight,329,1188
675034,weight,329,1242
675366,weight,329,1574
675527,weight,329,1735
675533,weight,329,1741
676541,weight,330,701
677750,weight,330,1910
678042,weight,331,154
681019,weight,332,1083
684968,weight,334,936
685804,weight,334,1772
686688,weight,335,608
689667,weight,336,1539
691264,weight,337,1088
691956,weight,337,1780
692132,weight,337,1956
696440,weight,340,120
696553,weight,340,233
696744,weight,340,424
696807,weight,340,487
696966,weight,340,646
697094,weight,340,774
697115,weight,340,795
697131,weight,340,811
697226,weight,340,906
697236,weight,340,916
697505,weight,340,1185
697657,weight,340,1337
697662,weight,340,1342
697711,weight,340,1391
697717,weight,340,1397
697720,weight,340,1400
697776,weight,340,1456
697818,weight,340,1498
697831,weight,340,1511
697848,weight,340,1528
697921,weight,340,1601
697949,weight,340,1629
698017,weight,340,1697
698040,weight,340,1720
698062,weight,340,1742
698084,weight,340,1764
698200,weight,340,1880
698230,weight,340,1910
698336,weight,340,2016
698566,weight,341,198
699921,weight,341,1553
702505,weight,343,41
702755,weight,343,291
706203,weight,344,1691
711486,weight,347,830
717972,weight,350,1172
718824,weight,350,2024
726492,weight,354,1500
731427,weight,357,291
732219,weight,357,1083
732534,weight,357,1398
734020,weight,358,836
739534,weight,361,206
742888,weight,362,1512
743981,weight,363,557
744048,weight,363,624
744147,weight,363,723
744359,weight,363,935
744507,weight,363,1083
745159,weight,363,1735
745197,weight,363,1773
745345,weight,363,1921
749225,weight,365,1705
749949,weight,366,381
750252,weight,366,684
751801,weight,367,185
753916,weight,368,252
753923,weight,368,259
764996,weight,373,1092
790675,weight,386,147
790717,weight,386,189
790753,weight,386,225
791382,weight,386,854
791737,weight,386,1209
792292,weight,386,1764
799305,weight,390,585
800065,weight,390,1345
801597,weight,391,829
803614,weight,392,798
803642,weight,392,826
804832,weight,392,2016
807336,weight,394,424
808318,weight,394,1406
811819,weight,396,811
813544,weight,397,488
813674,weight,397,618
814454,weight,397,1398
814808,weight,397,1752
815112,weight,398,8
815164,weight,398,60
815420,weight,398,316
815452,weight,398,348
815966,weight,398,862
816846,weight,398,1742
817571,weight,399,419
819795,weight,400,595
820586,weight,400,1386
820728,weight,400,1528
821439,weight,401,191
822587,weight,401,1339
825149,weight,402,1853
835512,weight,407,1976
839782,weight,410,102
840598,weight,410,918
841800,weight,411,72
841837,weight,411,109
841878,weight,411,150
842115,weight,411,387
842127,weight,411,399
842139,weight,411,411
842166,weight,411,438
842230,weight,411,502
842310,weight,411,582
842374,weight,411,646
842489,weight,411,761
842539,weight,411,811
842603,weight,411,875
842652,weight,411,924
843125,weight,411,1397
843128,weight,411,1400
843145,weight,411,1417
843287,weight,411,1559
843324,weight,411,1596
843378,weight,411,1650
843589,weight,411,1861
843696,weight,411,1968
843898,weight,412,122
844025,weight,412,249
848905,weight,414,1033
850155,weight,415,235
850211,weight,415,291
850261,weight,415,341
850906,weight,415,986
850942,weight,415,1022
850998,weight,415,1078
854136,weight,417,120
854435,weight,417,419
854440,weight,417,424
854814,weight,417,798
855646,weight,417,1630
855976,weight,417,1960
856152,weight,418,88
856971,weight,418,907
857213,weight,418,1149
858098,weight,418,2034
858132,weight,419,20
858147,weight,419,35
858445,weight,419,333
858513,weight,419,401
858550,weight,419,438
858666,weight,419,554
858730,weight,419,618
858758,weight,419,646
859071,weight,419,959
859354,weight,419,1242
859358,weight,419,1246
859894,weight,419,1782
862699,weight,421,491
863019,weight,421,811
863026,weight,421,818
863405,weight,421,1197
863694,weight,421,1486
863789,weight,421,1581
863948,weight,421,1740
869863,weight,424,1511
875190,weight,427,694
876237,weight,427,1741
877276,weight,428,732
878798,weight,429,206
880399,weight,429,1807
881341,weight,430,701
884630,weight,431,1942
887998,weight,433,1214
888399,weight,433,1615
888899,weight,434,67
889048,weight,434,216
889152,weight,434,320
889155,weight,434,323
889160,weight,434,328
889253,weight,434,421
889258,weight,434,426
889271,weight,434,439
889297,weight,434,465
889305,weight,434,473
889306,weight,434,474
889319,weight,434,487
889394,weight,434,562
889478,weight,434,646
889594,weight,434,762
889769,weight,434,937
889821,weight,434,989
889852,weight,434,1020
889957,weight,434,1125
890029,weight,434,1197
890200,weight,434,1368
890229,weight,434,1397
890303,weight,434,1471
890334,weight,434,1502
890384,weight,434,1552
890468,weight,434,1636
890525,weight,434,1693
890645,weight,434,1813
890742,weight,434,1910
890771,weight,434,1939
890921,weight,435,41
891581,weight,435,701
892180,weight,435,1300
896552,weight,437,1576
898578,weight,438,1554
906161,weight,442,945
907336,weight,443,72
907373,weight,443,109
907452,weight,443,188
907587,weight,443,323
907662,weight,443,398
907755,weight,443,491
907766,weight,443,502
907788,weight,443,524
907810,weight,443,546
907814,weight,443,550
907818,weight,443,554
907823,weight,443,559
907846,weight,443,582
907882,weight,443,618
907894,weight,443,630
907896,weight,443,632
907941,weight,443,677
907943,weight,443,679
907977,weight,443,713
908019,weight,443,755
908025,weight,443,761
908068,weight,443,804
908117,weight,443,853
908143,weight,443,879
908212,weight,443,948
908243,weight,443,979
908281,weight,443,1017
908303,weight,443,1039
908368,weight,443,1104
908477,weight,443,1213
908555,weight,443,1291
908632,weight,443,1368
908681,weight,443,1417
908685,weight,443,1421
908718,weight,443,1454
908725,weight,443,1461
908734,weight,443,1470
908796,weight,443,1532
908802,weight,443,1538
908869,weight,443,1605
908930,weight,443,1666
909077,weight,443,1813
909144,weight,443,1880
909203,weight,443,1939
909228,weight,443,1964
913546,weight,446,138
913739,weight,446,331
914085,weight,446,677
914186,weight,446,778
914187,weight,446,779
914687,weight,446,1279
914964,weight,446,1556
915305,weight,446,1897
915350,weight,446,1942
915451,weight,446,2043
915849,weight,447,393
916870,weight,447,1414
918609,weight,448,1105
919201,weight,448,1697
925542,weight,451,1894
926917,weight,452,1221
931999,weight,455,159
932614,weight,455,774
932718,weight,455,878
932785,weight,455,945
932799,weight,455,959
932914,weight,455,1074
932948,weight,455,1108
932981,weight,455,1141
933311,weight,455,1471
933674,weight,455,1834
933675,weight,455,1835
933793,weight,455,1953
936124,weight,457,188
936317,weight,457,381
936382,weight,457,446
936554,weight,457,618
936710,weight,457,774
937028,weight,457,1092
937203,weight,457,1267
937241,weight,457,1305
937249,weight,457,1313
937475,weight,457,1539
937478,weight,457,1542
937629,weight,457,1693
937718,weight,457,1782
939317,weight,458,1333
942842,weight,460,762
943268,weight,460,1188
943527,weight,460,1447
944504,weight,461,376
945589,weight,461,1461
945680,weight,461,1552
945840,weight,461,1712
946433,weight,462,257
946935,weight,462,759
947647,weight,462,1471
949320,weight,463,1096
950283,weight,464,11
950328,weight,464,56
950493,weight,464,221
950695,weight,464,423
950829,weight,464,557
950995,weight,464,723
951067,weight,464,795
951123,weight,464,851
951282,weight,464,1010
951504,weight,464,1232
951832,weight,464,1560
952070,weight,464,1798
952242,weight,464,1970
952721,weight,465,401
956682,weight,467,266
958274,weight,467,1858
958275,weight,467,1859
958992,weight,468,528
961213,weight,469,701
961697,weight,469,1185
962998,weight,470,438
963117,weight,470,557
970811,weight,474,59
970868,weight,474,116
971012,weight,474,260
971082,weight,474,330
971126,weight,474,374
971151,weight,474,399
971314,weight,474,562
971392,weight,474,640
971429,weight,474,677
971514,weight,474,762
971927,weight,474,1175
971977,weight,474,1225
972010,weight,474,1258
972148,weight,474,1396
972213,weight,474,1461
972300,weight,474,1548
972323,weight,474,1571
972351,weight,474,1599
972396,weight,474,1644
972405,weight,474,1653
972407,weight,474,1655
972531,weight,474,1779
972610,weight,474,1858
972705,weight,474,1953
974871,weight,476,23
997377,weight,487,1
999490,weight,488,66
999843,weight,488,419
999986,weight,488,562
1000301,weight,488,877
1000302,weight,488,878
1000383,weight,488,959
1000737,weight,488,1313
1001377,weight,488,1953
1001380,weight,488,1956
1001425,weight,488,2001
1001492,weight,489,20
1001532,weight,489,60
1001587,weight,489,115
1001721,weight,489,249
1001761,weight,489,289
1001763,weight,489,291
1001815,weight,489,343
1001853,weight,489,381
1001861,weight,489,389
1001910,weight,489,438
1001935,weight,489,463
1002026,weight,489,554
1002056,weight,489,584
1002139,weight,489,667
1002153,weight,489,681
1002187,weight,489,715
1002536,weight,489,1064
1002568,weight,489,1096
1002772,weight,489,1300
1002837,weight,489,1365
1002872,weight,489,1400
1002889,weight,489,1417
1002928,weight,489,1456
1003046,weight,489,1574
1003192,weight,489,1720
1003214,weight,489,1742
1003253,weight,489,1781
1003308,weight,489,1836
1003586,weight,490,66
1003599,weight,490,79
1003736,weight,490,216
1003762,weight,490,242
1003809,weight,490,289
1003838,weight,490,318
1003861,weight,490,341
1003866,weight,490,346
1003894,weight,490,374
1003917,weight,490,397
1003919,weight,490,399
1003941,weight,490,421
1003985,weight,490,465
1004019,weight,490,499
1004102,weight,490,582
1004127,weight,490,607
1004131,weight,490,611
1004148,weight,490,628
1004363,weight,490,843
1004386,weight,490,866
1004416,weight,490,896
1004431,weight,490,911
1004537,weight,490,1017
1004582,weight,490,1062
1004623,weight,490,1103
1004629,weight,490,1109
1004639,weight,490,1119
1004694,weight,490,1174
1004825,weight,490,1305
1004981,weight,490,1461
1005023,weight,490,1503
1005149,weight,490,1629
1005177,weight,490,1657
1005293,weight,490,1773
1005355,weight,490,1835
1005391,weight,490,1871
1005397,weight,490,1877
1005452,weight,490,1932
1005480,weight,490,1960
1005521,weight,490,2001
1005523,weight,490,2003
1008288,weight,492,672
1008411,weight,492,795
1009036,weight,492,1420
1010886,weight,493,1222
1011624,weight,493,1960
1012330,weight,494,618
1013212,weight,494,1500
1024023,weight,500,23
1024045,weight,500,45
1024082,weight,500,82
1024093,weight,500,93
1024183,weight,500,183
1024193,weight,500,193
1024205,weight,500,205
1024218,weight,500,218
1024234,weight,500,234
1024261,weight,500,261
1024316,weight,500,316
1024416,weight,500,416
1024463,weight,500,463
1024502,weight,500,502
1024504,weight,500,504
1024580,weight,500,580
1024607,weight,500,607
1024646,weight,500,646
1024724,weight,500,724
1024870,weight,500,870
1024945,weight,500,945
1025064,weight,500,1064
1025148,weight,500,1148
1025288,weight,500,1288
1025314,weight,500,1314
1025337,weight,500,1337
1025342,weight,500,1342
1025463,weight,500,1463
1025503,weight,500,1503
1025529,weight,500,1529
1025544,weight,500,1544
1025607,weight,500,1607
1025743,weight,500,1743
1025759,weight,500,1759
1025855,weight,500,1855
1025882,weight,500,1882
1026014,weight,500,2014
1026023,weight,500,2023
1026725,weight,501,677
1026749,weight,501,701
1026772,weight,501,724
1027167,weight,501,1119
1027375,weight,501,1327
1027445,weight,501,1397
1027523,weight,501,1475
1027548,weight,501,1500
1027968,weight,501,1920
1034066,weight,504,1874
1034342,weight,505,102
1035006,weight,505,766
1036306,weight,506,18
1036314,weight,506,26
1036452,weight,506,164
1036758,weight,506,470
1036763,weight,506,475
1036772,weight,506,484
1036817,weight,506,529
1036861,weight,506,573
1036868,weight,506,580
1036932,weight,506,644
1036985,weight,506,697
1037056,weight,506,768
1037200,weight,506,912
1037262,weight,506,974
1037294,weight,506,1006
1037298,weight,506,1010
1037303,weight,506,1015
1037473,weight,506,1185
1037506,weight,506,1218
1037527,weight,506,1239
1037557,weight,506,1269
1037559,weight,506,1271
1037630,weight,506,1342
1037732,weight,506,1444
1037838,weight,506,1550
1037852,weight,506,1564
1037997,weight,506,1709
1038117,weight,506,1829
1038170,weight,506,1882
1038325,weight,506,2037
1038737,weight,507,401
1040368,weight,507,2032
1042295,weight,508,1911
1042711,weight,509,279
1042855,weight,509,423
1042857,weight,509,425
1042953,weight,509,521
1042989,weight,509,557
1043196,weight,509,764
1043610,weight,509,1178
1043925,weight,509,1493
1054625,weight,514,1953
1055549,weight,515,829
1055987,weight,515,1267
1063336,weight,519,424
1064029,weight,519,1117
1064322,weight,519,1410
1064854,weight,519,1942
1066736,weight,520,1776
1069769,weight,522,713
1070820,weight,522,1764
1073508,weight,524,356
1074613,weight,524,1461
1075128,weight,524,1976
1075178,weight,524,2026
1075757,weight,525,557
1075867,weight,525,667
1076133,weight,525,933
1076332,weight,525,1132
1082118,weight,528,774
1085587,weight,530,147
1085859,weight,530,419
1085965,weight,530,525
1086214,weight,530,774
1086292,weight,530,852
1087430,weight,530,1990
1090237,weight,532,701
1091007,weight,532,1471
1091606,weight,533,22
1091613,weight,533,29
1091636,weight,533,52
1091643,weight,533,59
1091649,weight,533,65
1091652,weight,533,68
1091674,weight,533,90
1091683,weight,533,99
1091693,weight,533,109
1091768,weight,533,184
1091808,weight,533,224
1091844,weight,533,260
1091854,weight,533,270
1091903,weight,533,319
1091937,weight,533,353
1091947,weight,533,363
1091968,weight,533,384
1091995,weight,533,411
1092004,weight,533,420
1092034,weight,533,450
1092057,weight,533,473
1092113,weight,533,529
1092127,weight,533,543
1092151,weight,533,567
1092166,weight,533,582
1092189,weight,533,605
1092216,weight,533,632
1092224,weight,533,640
1092230,weight,533,646
1092274,weight,533,690
1092299,weight,533,715
1092306,weight,533,722
1092311,weight,533,727
1092351,weight,533,767
1092352,weight,533,768
1092395,weight,533,811
1092413,weight,533,829
1092457,weight,533,873
1092463,weight,533,879
1092479,weight,533,895
1092494,weight,533,910
1092495,weight,533,911
1092502,weight,533,918
1092529,weight,533,945
1092543,weight,533,959
1092549,weight,533,965
1092570,weight,533,986
1092580,weight,533,996
1092582,weight,533,998
1092621,weight,533,1037
1092648,weight,533,1064
1092664,weight,533,1080
1092687,weight,533,1103
1092701,weight,533,1117
1092725,weight,533,1141
1092771,weight,533,1187
1092790,weight,533,1206
1092820,weight,533,1236
1092875,weight,533,1291
1092925,weight,533,1341
1092953,weight,533,1369
1092960,weight,533,1376
1092970,weight,533,1386
1092973,weight,533,1389
1092984,weight,533,1400
1093016,weight,533,1432
1093029,weight,533,1445
1093045,weight,533,1461
1093069,weight,533,1485
1093079,weight,533,1495
1093084,weight,533,1500
1093132,weight,533,1548
1093141,weight,533,1557
1093216,weight,533,1632
1093219,weight,533,1635
1093247,weight,533,1663
1093252,weight,533,1668
1093263,weight,533,1679
1093272,weight,533,1688
1093273,weight,533,1689
1093307,weight,533,1723
1093322,weight,533,1738
1093366,weight,533,1782
1093368,weight,533,1784
1093391,weight,533,1807
1093417,weight,533,1833
1093442,weight,533,1858
1093446,weight,533,1862
1093499,weight,533,1915
1093510,weight,533,1926
1093512,weight,533,1928
1093523,weight,533,1939
1093569,weight,533,1985
1093580,weight,533,1996
1093596,weight,533,2012
1094333,weight,534,701
1095699,weight,535,19
1095741,weight,535,61
1102076,weight,538,252
1102703,weight,538,879
1102890,weight,538,1066
1102907,weight,538,1083
1103324,weight,538,1500
1103825,weight,538,2001
1103944,weight,539,72
1103948,weight,539,76
1104021,weight,539,149
1104169,weight,539,297
1104209,weight,539,337
1104250,weight,539,378
1104261,weight,539,389
1104265,weight,539,393
1104337,weight,539,465
1104416,weight,539,544
1104426,weight,539,554
1104454,weight,539,582
1104456,weight,539,584
1104478,weight,539,606
1104479,weight,539,607
1104480,weight,539,608
1104483,weight,539,611
1104504,weight,539,632
1104518,weight,539,646
1104556,weight,539,684
1104562,weight,539,690
1104587,weight,539,715
1104634,weight,539,762
1104640,weight,539,768
1104646,weight,539,774
1104673,weight,539,801
1104678,weight,539,806
1104684,weight,539,812
1104740,weight,539,868
1104747,weight,539,875
1104750,weight,539,878
1104762,weight,539,890
1104778,weight,539,906
1104782,weight,539,910
1104790,weight,539,918
1104870,weight,539,998
1104876,weight,539,1004
1104878,weight,539,1006
1104911,weight,539,1039
1104950,weight,539,1078
1104955,weight,539,1083
1105035,weight,539,1163
1105051,weight,539,1179
1105108,weight,539,1236
1105163,weight,539,1291
1105181,weight,539,1309
1105217,weight,539,1345
1105222,weight,539,1350
1105264,weight,539,1392
1105269,weight,539,1397
1105270,weight,539,1398
1105333,weight,539,1461
1105372,weight,539,1500
1105420,weight,539,1548
1105428,weight,539,1556
1105432,weight,539,1560
1105458,weight,539,1586
1105470,weight,539,1598
1105565,weight,539,1693
1105612,weight,539,1740
1105613,weight,539,1741
1105631,weight,539,1759
1105636,weight,539,1764
1105645,weight,539,1773
1105685,weight,539,1813
1105693,weight,539,1821
1105721,weight,539,1849
1105734,weight,539,1862
1105756,weight,539,1884
1105767,weight,539,1895
1105825,weight,539,1953
1105857,weight,539,1985
1105869,weight,539,1997
1105883,weight,539,2011
1108746,weight,541,778
1109133,weight,541,1165
1114907,weight,544,795
1115130,weight,544,1018
1115651,weight,544,1539
1116952,weight,545,792
1117392,weight,545,1232
1124451,weight,549,99
1124488,weight,549,136
1124499,weight,549,147
1124501,weight,549,149
1124511,weight,549,159
1124512,weight,549,160
1124624,weight,549,272
1124643,weight,549,291
1124675,weight,549,323
1124745,weight,549,393
1124750,weight,549,398
1124752,weight,549,400
1124825,weight,549,473
1124906,weight,549,554
1124938,weight,549,586
1124962,weight,549,610
1125029,weight,549,677
1125113,weight,549,761
1125150,weight,549,798
1125156,weight,549,804
1125170,weight,549,818
1125213,weight,549,861
1125230,weight,549,878
1125331,weight,549,979
1125374,weight,549,1022
1125435,weight,549,1083
1125569,weight,549,1217
1125670,weight,549,1318
1125691,weight,549,1339
1125748,weight,549,1396
1125749,weight,549,1397
1125769,weight,549,1417
1125772,weight,549,1420
1125813,weight,549,1461
1125839,weight,549,1487
1125848,weight,549,1496
1125908,weight,549,1556
1125909,weight,549,1557
1125933,weight,549,1581
1125954,weight,549,1602
1125998,weight,549,1646
1126018,weight,549,1666
1126128,weight,549,1776
1126134,weight,549,1782
1126165,weight,549,1813
1126187,weight,549,1835
1126203,weight,549,1851
1126247,weight,549,1895
1126351,weight,549,1999
1128739,weight,551,291
1128837,weight,551,389
1128917,weight,551,469
1128950,weight,551,502
1129018,weight,551,570
1129407,weight,551,959
1129427,weight,551,979
1129781,weight,551,1333
1130063,weight,551,1615
1130555,weight,552,59
1130707,weight,552,211
1130942,weight,552,446
1130961,weight,552,465
1131060,weight,552,564
1131285,weight,552,789
1131314,weight,552,818
1131599,weight,552,1103
1131769,weight,552,1273
1131967,weight,552,1471
1131968,weight,552,1472
1132269,weight,552,1773
1132338,weight,552,1842
1133835,weight,553,1291
1135354,weight,554,762
1138701,weight,556,13
1138805,weight,556,117
1138909,weight,556,221
1138945,weight,556,257
1139014,weight,556,326
1139190,weight,556,502
1139365,weight,556,677
1139462,weight,556,774
1139540,weight,556,852
1139846,weight,556,1158
1139920,weight,556,1232
1140248,weight,556,1560
1140664,weight,556,1976
1141084,weight,557,348
1141382,weight,557,646
1142247,weight,557,1511
1143957,weight,558,1173
1144646,weight,558,1862
1151594,weight,562,618
1151692,weight,562,716
1151738,weight,562,762
1151883,weight,562,907
1151965,weight,562,989
1152027,weight,562,1051
1152093,weight,562,1117
1152189,weight,562,1213
1152592,weight,562,1616
1152701,weight,562,1725
1152732,weight,562,1756
1154520,weight,563,1496
1156183,weight,564,1111
1156206,weight,564,1134
1160645,weight,566,1477
1163665,weight,568,401
1163808,weight,568,544
1164924,weight,568,1660
1174416,weight,573,912
1175148,weight,573,1644
1175706,weight,574,154
1176017,weight,574,465
1176229,weight,574,677
1176971,weight,574,1419
1177023,weight,574,1471
1177287,weight,574,1735
1177324,weight,574,1772
1177325,weight,574,1773
1177328,weight,574,1776
1177505,weight,574,1953
1182120,weight,577,424
1183965,weight,578,221
1184098,weight,578,354
1184562,weight,578,818
1184952,weight,578,1208
1185472,weight,578,1728
1185479,weight,578,1735
1185755,weight,578,2011
1186563,weight,579,771
1188278,weight,580,438
1188339,weight,580,499
1188746,weight,580,906
1189858,weight,580,2018
1190772,weight,581,884
1191864,weight,581,1976
1192755,weight,582,819
1194696,weight,583,712
1196092,weight,584,60
1196134,weight,584,102
1196385,weight,584,353
1196521,weight,584,489
1196523,weight,584,491
1197147,weight,584,1115
1197429,weight,584,1397
1198113,weight,585,33
1204265,weight,588,41
1204408,weight,588,184
1204547,weight,588,323
1204578,weight,588,354
1204662,weight,588,438
1204831,weight,588,607
1204889,weight,588,665
1204939,weight,588,715
1204951,weight,588,727
1205076,weight,588,852
1205266,weight,588,1042
1205440,weight,588,1216
1205796,weight,588,1572
1205835,weight,588,1611
1205864,weight,588,1640
1205959,weight,588,1735
1205966,weight,588,1742
1206003,weight,588,1779
1206254,weight,588,2030
1206563,weight,589,291
1210369,weight,591,1
1210436,weight,591,68
1210450,weight,591,82
1210476,weight,591,108
1210509,weight,591,141
1210527,weight,591,159
1210568,weight,591,200
1210579,weight,591,211
1210589,weight,591,221
1210659,weight,591,291
1210688,weight,591,320
1210691,weight,591,323
1210722,weight,591,354
1210746,weight,591,378
1210756,weight,591,388
1210825,weight,591,457
1210833,weight,591,465
1210836,weight,591,468
1210841,weight,591,473
1210860,weight,591,492
1210872,weight,591,504
1210922,weight,591,554
1211008,weight,591,640
1211014,weight,591,646
1211045,weight,591,677
1211062,weight,591,694
1211070,weight,591,702
1211135,weight,591,767
1211142,weight,591,774
1211204,weight,591,836
1211208,weight,591,840
1211247,weight,591,879
1211251,weight,591,883
1211266,weight,591,898
1211280,weight,591,912
1211290,weight,591,922
1211303,weight,591,935
1211321,weight,591,953
1211327,weight,591,959
1211448,weight,591,1080
1211451,weight,591,1083
1211535,weight,591,1167
1211653,weight,591,1285
1211656,weight,591,1288
1211713,weight,591,1345
1211760,weight,591,1392
1211788,weight,591,1420
1211870,weight,591,1502
1211946,weight,591,1578
1211964,weight,591,1596
1211992,weight,591,1624
1212004,weight,591,1636
1212012,weight,591,1644
1212014,weight,591,1646
1212024,weight,591,1656
1212061,weight,591,1693
1212077,weight,591,1709
1212108,weight,591,1740
1212110,weight,591,1742
1212142,weight,591,1774
1212179,weight,591,1811
1212223,weight,591,1855
1212263,weight,591,1895
1212336,weight,591,1968
1212338,weight,591,1970
1212387,weight,591,2019
1215936,weight,593,1472
1226796,weight,599,44
1226811,weight,599,59
1226900,weight,599,148
1226943,weight,599,191
1226983,weight,599,231
1226995,weight,599,243
1227004,weight,599,252
1227005,weight,599,253
1227017,weight,599,265
1227018,weight,599,266
1227034,weight,599,282
1227041,weight,599,289
1227051,weight,599,299
1227059,weight,599,307
1227063,weight,599,311
1227071,weight,599,319
1227074,weight,599,322
1227075,weight,599,323
1227092,weight,599,340
1227096,weight,599,344
1227128,weight,599,376
1227145,weight,599,393
1227166,weight,599,414
1227167,weight,599,415
1227171,weight,599,419
1227185,weight,599,433
1227237,weight,599,485
1227251,weight,599,499
1227291,weight,599,539
1227325,weight,599,573
1227334,weight,599,582
1227338,weight,599,586
1227352,weight,599,600
1227370,weight,599,618
1227380,weight,599,628
1227413,weight,599,661
1227474,weight,599,722
1227483,weight,599,731
1227528,weight,599,776
1227553,weight,599,801
1227556,weight,599,804
1227559,weight,599,807
1227586,weight,599,834
1227597,weight,599,845
1227627,weight,599,875
1227645,weight,599,893
1227646,weight,599,894
1227661,weight,599,909
1227697,weight,599,945
1227711,weight,599,959
1227731,weight,599,979
1227832,weight,599,1080
1227835,weight,599,1083
1227853,weight,599,1101
1227854,weight,599,1102
1227878,weight,599,1126
1227903,weight,599,1151
1227930,weight,599,1178
1227937,weight,599,1185
1227988,weight,599,1236
1228037,weight,599,1285
1228040,weight,599,1288
1228044,weight,599,1292
1228079,weight,599,1327
1228116,weight,599,1364
1228130,weight,599,1378
1228148,weight,599,1396
1228164,weight,599,1412
1228169,weight,599,1417
1228181,weight,599,1429
1228195,weight,599,1443
1228224,weight,599,1472
1228351,weight,599,1599
1228353,weight,599,1601
1228359,weight,599,1607
1228374,weight,599,1622
1228468,weight,599,1716
1228484,weight,599,1732
1228494,weight,599,1742
1228575,weight,599,1823
1228581,weight,599,1829
1228583,weight,599,1831
1228614,weight,599,1862
1228650,weight,599,1898
1228665,weight,599,1913
1228672,weight,599,1920
1228690,weight,599,1938
1229653,weight,600,853
1229919,weight,600,1119
1230426,weight,600,1626
1230535,weight,600,1735
1230659,weight,600,1859
1231101,weight,601,253
1231137,weight,601,289
1231291,weight,601,443
1231313,weight,601,465
1231402,weight,601,554
1231549,weight,601,701
1231564,weight,601,716
1231572,weight,601,724
1231659,weight,601,811
1231674,weight,601,826
1231914,weight,601,1066
1231967,weight,601,1119
1232029,weight,601,1181
1232387,weight,601,1539
1232492,weight,601,1644
1232627,weight,601,1779
1232655,weight,601,1807
1244451,weight,607,1315
1245830,weight,608,646
1245861,weight,608,677
1245968,weight,608,784
1245975,weight,608,791
1246002,weight,608,818
1246529,weight,608,1345
1246645,weight,608,1461
1246723,weight,608,1539
1246783,weight,608,1599
1246828,weight,608,1644
1246877,weight,608,1693
1246919,weight,608,1735
1247137,weight,608,1953
1250075,weight,610,795
1250098,weight,610,818
1250358,weight,610,1078
1250399,weight,610,1119
1250443,weight,610,1163
1250677,weight,610,1397
1251190,weight,610,1910
1251634,weight,611,306
1251702,weight,611,374
1252022,weight,611,694
1252273,weight,611,945
1252800,weight,611,1472
1252953,weight,611,1625
1252996,weight,611,1668
1253051,weight,611,1723
1256198,weight,613,774
1259590,weight,615,70
1259726,weight,615,206
1261694,weight,616,126
1261724,weight,616,156
1261902,weight,616,334
1262008,weight,616,440
1262323,weight,616,755
1262555,weight,616,987
1262578,weight,616,1010
1262682,weight,616,1114
1262853,weight,616,1285
1262869,weight,616,1301
1262878,weight,616,1310
1262881,weight,616,1313
1262885,weight,616,1317
1262895,weight,616,1327
1262905,weight,616,1337
1262907,weight,616,1339
1263002,weight,616,1434
1263146,weight,616,1578
1263232,weight,616,1664
1263237,weight,616,1669
1263327,weight,616,1759
1263403,weight,616,1835
1263437,weight,616,1869
1263598,weight,616,2030
1264719,weight,617,1103
1267064,weight,618,1400
1267271,weight,618,1607
1268086,weight,619,374
1268113,weight,619,401
1268123,weight,619,411
1268150,weight,619,438
1268385,weight,619,673
1268431,weight,619,719
1268591,weight,619,879
1268610,weight,619,898
1268671,weight,619,959
1269198,weight,619,1486
1269368,weight,619,1656
1269405,weight,619,1693
1269570,weight,619,1858
1269572,weight,619,1860
1269584,weight,619,1872
1271065,weight,620,1305
1272698,weight,621,890
1289190,weight,629,998
1292102,weight,630,1862
1292579,weight,631,291
1294737,weight,632,401
1294838,weight,632,502
1295110,weight,632,774
1295134,weight,632,798
1295736,weight,632,1400
1295847,weight,632,1511
1295883,weight,632,1547
1295980,weight,632,1644
1296071,weight,632,1735
1296337,weight,632,2001
1297630,weight,633,1246
1298166,weight,633,1782
1298185,weight,633,1801
1298856,weight,634,424
1299320,weight,634,888
1299842,weight,634,1410
1299895,weight,634,1463
1299903,weight,634,1471
1299997,weight,634,1565
1302536,weight,636,8
1302834,weight,636,306
1302966,weight,636,438
1303002,weight,636,474
1303117,weight,636,589
1303156,weight,636,628
1303205,weight,636,677
1303289,weight,636,761
1303302,weight,636,774
1303354,weight,636,826
1303507,weight,636,979
1303524,weight,636,996
1303858,weight,636,1330
1303920,weight,636,1392
1303926,weight,636,1398
1303928,weight,636,1400
1304337,weight,636,1809
1307929,weight,638,1305
1308799,weight,639,127
1310755,weight,640,35
1310770,weight,640,50
1310796,weight,640,76
1310799,weight,640,79
1310816,weight,640,96
1310829,weight,640,109
1310879,weight,640,159
1310898,weight,640,178
1310903,weight,640,183
1310972,weight,640,252
1310973,weight,640,253
1311051,weight,640,331
1311068,weight,640,348
1311120,weight,640,400
1311225,weight,640,505
1311241,weight,640,521
1311290,weight,640,570
1311397,weight,640,677
1311465,weight,640,745
1311476,weight,640,756
1311488,weight,640,768
1311489,weight,640,769
1311507,weight,640,787
1311564,weight,640,844
1311610,weight,640,890
1311624,weight,640,904
1311629,weight,640,909
1311631,weight,640,911
1311642,weight,640,922
1311693,weight,640,973
1311699,weight,640,979
1311784,weight,640,1064
1311803,weight,640,1083
1311829,weight,640,1109
1311901,weight,640,1181
1311937,weight,640,1217
1311942,weight,640,1222
1312057,weight,640,1337
1312078,weight,640,1358
1312154,weight,640,1434
1312220,weight,640,1500
1312258,weight,640,1538
1312276,weight,640,1556
1312320,weight,640,1600
1312321,weight,640,1601
1312331,weight,640,1611
1312451,weight,640,1731
1312501,weight,640,1781
1312563,weight,640,1843
1312568,weight,640,1848
1312615,weight,640,1895
1312659,weight,640,1939
1312719,weight,640,1999
1313774,weight,641,1006
1315634,weight,642,818
1315933,weight,642,1117
1316877,weight,643,13
1317153,weight,643,289
1317197,weight,643,333
1317208,weight,643,344
1317321,weight,643,457
1317548,weight,643,684
1317554,weight,643,690
1317807,weight,643,943
1318105,weight,643,1241
1318333,weight,643,1469
1318402,weight,643,1538
1318508,weight,643,1644
1318592,weight,643,1728
1318736,weight,643,1872
1318786,weight,643,1922
1318808,weight,643,1944
1319074,weight,644,162
1319467,weight,644,555
1319589,weight,644,677
1319611,weight,644,699
1320203,weight,644,1291
1320415,weight,644,1503
1320685,weight,644,1773
1320743,weight,644,1831
1323016,weight,646,8
1323034,weight,646,26
1323059,weight,646,51
1323078,weight,646,70
1323084,weight,646,76
1323087,weight,646,79
1323224,weight,646,216
1323249,weight,646,241
1323257,weight,646,249
1323280,weight,646,272
1323387,weight,646,379
1323394,weight,646,386
1323427,weight,646,419
1323430,weight,646,422
1323445,weight,646,437
1323478,weight,646,470
1323483,weight,646,475
1323495,weight,646,487
1323519,weight,646,511
1323520,weight,646,512
1323557,weight,646,549
1323588,weight,646,580
1323590,weight,646,582
1323607,weight,646,599
1323626,weight,646,618
1323646,weight,646,638
1323652,weight,646,644
1323654,weight,646,646
1323676,weight,646,668
1323681,weight,646,673
1323701,weight,646,693
1323710,weight,646,702
1323782,weight,646,774
1323797,weight,646,789
1323803,weight,646,795
1323806,weight,646,798
1323852,weight,646,844
1323865,weight,646,857
1323887,weight,646,879
1323917,weight,646,909
1323924,weight,646,916
1323930,weight,646,922
1323957,weight,646,949
1323987,weight,646,979
1324020,weight,646,1012
1324038,weight,646,1030
1324111,weight,646,1103
1324140,weight,646,1132
1324143,weight,646,1135
1324146,weight,646,1138
1324181,weight,646,1173
1324186,weight,646,1178
1324201,weight,646,1193
1324205,weight,646,1197
1324221,weight,646,1213
1324228,weight,646,1220
1324243,weight,646,1235
1324296,weight,646,1288
1324308,weight,646,1300
1324313,weight,646,1305
1324399,weight,646,1391
1324405,weight,646,1397
1324406,weight,646,1398
1324441,weight,646,1433
1324471,weight,646,1463
1324488,weight,646,1480
1324503,weight,646,1495
1324511,weight,646,1503
1324519,weight,646,1511
1324524,weight,646,1516
1324563,weight,646,1555
1324568,weight,646,1560
1324589,weight,646,1581
1324606,weight,646,1598
1324607,weight,646,1599
1324608,weight,646,1600
1324633,weight,646,1625
1324654,weight,646,1646
1324658,weight,646,1650
1324668,weight,646,1660
1324677,weight,646,1669
1324737,weight,646,1729
1324780,weight,646,1772
1324801,weight,646,1793
1324806,weight,646,1798
1324815,weight,646,1807
1324847,weight,646,1839
1324961,weight,646,1953
1324962,weight,646,1954
1324972,weight,646,1964
1324984,weight,646,1976
1325046,weight,646,2038
1327331,weight,648,227
1329309,weight,649,157
1329532,weight,649,380
1329677,weight,649,525
1329706,weight,649,554
1329732,weight,649,580
1329956,weight,649,804
1329964,weight,649,812
1330613,weight,649,1461
1330650,weight,649,1498
1330713,weight,649,1561
1330767,weight,649,1615
1330768,weight,649,1616
1331102,weight,649,1950
1331105,weight,649,1953
1331439,weight,650,239
1332052,weight,650,852
1332111,weight,650,911
1332217,weight,650,1017
1332504,weight,650,1304
1332781,weight,650,1581
1333176,weight,650,1976
1335677,weight,652,381
1337949,weight,653,605
1347671,weight,658,87
1348049,weight,658,465
1348885,weight,658,1301
1349045,weight,658,1461
1349225,weight,658,1641
1349540,weight,658,1956
1349618,weight,658,2034
1349673,weight,659,41
1349988,weight,659,356
1351367,weight,659,1735
1355880,weight,662,104
1356096,weight,662,320
1358030,weight,663,206
1364787,weight,666,819
1365488,weight,666,1520
1366845,weight,667,829
1370287,weight,669,175
1370676,weight,669,564
1370796,weight,669,684
1370811,weight,669,699
1371019,weight,669,907
1371073,weight,669,961
1371229,weight,669,1117
1371403,weight,669,1291
1371532,weight,669,1420
1371678,weight,669,1566
1371889,weight,669,1777
1374494,weight,671,286
1374780,weight,671,572
1375386,weight,671,1178
1376168,weight,671,1960
1378186,weight,672,1930
1379721,weight,673,1417
1381750,weight,674,1398
1381832,weight,674,1480
1384871,weight,676,423
1386261,weight,676,1813
1386563,weight,677,67
1386589,weight,677,93
1386598,weight,677,102
1387058,weight,677,562
1387066,weight,677,570
1387080,weight,677,584
1387101,weight,677,605
1387103,weight,677,607
1387212,weight,677,716
1387219,weight,677,723
1387258,weight,677,762
1387384,weight,677,888
1387418,weight,677,922
1387645,weight,677,1149
1387693,weight,677,1197
1387730,weight,677,1234
1387967,weight,677,1471
1387968,weight,677,1472
1388012,weight,677,1516
1388080,weight,677,1584
1388145,weight,677,1649
1388189,weight,677,1693
1388231,weight,677,1735
1388252,weight,677,1756
1388303,weight,677,1807
1388331,weight,677,1835
1388333,weight,677,1837
1388354,weight,677,1858
1390727,weight,679,135
1392053,weight,679,1461
1392285,weight,679,1693
1402293,weight,684,1461
1402555,weight,684,1723
1402712,weight,684,1880
1407735,weight,687,759
1407765,weight,687,789
1408574,weight,687,1598
1409222,weight,688,198
1410328,weight,688,1304
1410887,weight,688,1863
1411009,weight,688,1985
1411901,weight,689,829
1412373,weight,689,1301
1412544,weight,689,1472
1412851,weight,689,1779
1418451,weight,692,1235
1419184,weight,692,1968
1421533,weight,694,221
1421734,weight,694,422
1422028,weight,694,716
1422497,weight,694,1185
1423738,weight,695,378
1423749,weight,695,389
1423825,weight,695,465
1423940,weight,695,580
1424596,weight,695,1236
1424702,weight,695,1342
1425302,weight,695,1942
1425313,weight,695,1953
1425365,weight,695,2005
1425588,weight,696,180
1427270,weight,696,1862
1427383,weight,696,1975
1427804,weight,697,348
1427989,weight,697,533
1428774,weight,697,1318
1428853,weight,697,1397
1429013,weight,697,1557
1429112,weight,697,1656
1429228,weight,697,1772
1431148,weight,698,1644
1432474,weight,699,922
1432952,weight,699,1400
1433659,weight,700,59
1433749,weight,700,149
1433926,weight,700,326
1434150,weight,700,550
1434154,weight,700,554
1434301,weight,700,701
1434311,weight,700,711
1434323,weight,700,723
1434362,weight,700,762
1434444,weight,700,844
1434620,weight,700,1020
1434674,weight,700,1074
1434881,weight,700,1281
1435335,weight,700,1735
1435340,weight,700,1740
1435423,weight,700,1823
1435542,weight,700,1942
1435553,weight,700,1953
1435587,weight,700,1987
1435756,weight,701,108
1435833,weight,701,185
1436022,weight,701,374
1437264,weight,701,1616
1439803,weight,703,59
1440847,weight,703,1103
1441048,weight,703,1304
1441604,weight,703,1860
1442856,weight,704,1064
1443288,weight,704,1496
1450475,weight,708,491
1452108,weight,709,76
1452520,weight,709,488
1452523,weight,709,491
1452556,weight,709,524
1452618,weight,709,586
1452793,weight,709,761
1452836,weight,709,804
1452911,weight,709,879
1453069,weight,709,1037
1453158,weight,709,1126
1453580,weight,709,1548
1453608,weight,709,1576
1453767,weight,709,1735
1453895,weight,709,1863
1453909,weight,709,1877
1453996,weight,709,1964
1454591,weight,710,511
1454959,weight,710,879
1455032,weight,710,952
1457187,weight,711,1059
1458663,weight,712,487
1459049,weight,712,873
1459259,weight,712,1083
1459459,weight,712,1283
1459704,weight,712,1528
1459801,weight,712,1625
1462628,weight,714,356
1464233,weight,714,1961
1465268,weight,715,948
1466102,weight,715,1782
1466461,weight,716,93
1466655,weight,716,287
1466767,weight,716,399
1467059,weight,716,691
1468175,weight,716,1807
1473390,weight,719,878
1474802,weight,720,242
1476667,weight,721,59
1476668,weight,721,60
1476806,weight,721,198
1476835,weight,721,227
1476863,weight,721,255
1476912,weight,721,304
1476928,weight,721,320
1477029,weight,721,421
1477046,weight,721,438
1477073,weight,721,465
1477081,weight,721,473
1477095,weight,721,487
1477119,weight,721,511
1477254,weight,721,646
1477285,weight,721,677
1477287,weight,721,679
1477321,weight,721,713
1477327,weight,721,719
1477369,weight,721,761
1477413,weight,721,805
1477477,weight,721,869
1477555,weight,721,947
1477580,weight,721,972
1477620,weight,721,1012
1477625,weight,721,1017
1477672,weight,721,1064
1477805,weight,721,1197
1477820,weight,721,1212
1477840,weight,721,1232
1477854,weight,721,1246
1477945,weight,721,1337
1477957,weight,721,1349
1478005,weight,721,1397
1478025,weight,721,1417
1478029,weight,721,1421
1478265,weight,721,1657
1478301,weight,721,1693
1478340,weight,721,1732
1478343,weight,721,1735
1478457,weight,721,1849
1478488,weight,721,1880
1478518,weight,721,1910
1478522,weight,721,1914
1478546,weight,721,1938
1478551,weight,721,1943
1478572,weight,721,1964
1478575,weight,721,1967
1478605,weight,721,1997
1478607,weight,721,1999
1478631,weight,721,2023
1478636,weight,721,2028
1480806,weight,723,102
1480855,weight,723,151
1480957,weight,723,253
1481094,weight,723,390
1481271,weight,723,567
1481395,weight,723,691
1481601,weight,723,897
1481834,weight,723,1130
1481903,weight,723,1199
1481913,weight,723,1209
1482036,weight,723,1332
1482161,weight,723,1457
1482566,weight,723,1862
1482618,weight,723,1914
1486197,weight,725,1397
1489017,weight,727,121
1490061,weight,727,1165
1490964,weight,728,20
1491009,weight,728,65
1491040,weight,728,96
1491112,weight,728,168
1491165,weight,728,221
1491506,weight,728,562
1491576,weight,728,632
1491628,weight,728,684
1491655,weight,728,711
1491855,weight,728,911
1492110,weight,728,1166
1492203,weight,728,1259
1492374,weight,728,1430
1492415,weight,728,1471
1492487,weight,728,1543
1492633,weight,728,1689
1492639,weight,728,1695
1492723,weight,728,1779
1492967,weight,728,2023
1493381,weight,729,389
1494905,weight,729,1913
1498490,weight,731,1402
1505321,weight,735,41
1505421,weight,735,141
1505523,weight,735,243
1505540,weight,735,260
1505592,weight,735,312
1505599,weight,735,319
1505624,weight,735,344
1505678,weight,735,398
1505782,weight,735,502
1505847,weight,735,567
1505957,weight,735,677
1505991,weight,735,711
1506054,weight,735,774
1506155,weight,735,875
1506225,weight,735,945
1506297,weight,735,1017
1506461,weight,735,1181
1506563,weight,735,1283
1506571,weight,735,1291
1506677,weight,735,1397
1506780,weight,735,1500
1506837,weight,735,1557
1506866,weight,735,1586
1506935,weight,735,1655
1506936,weight,735,1656
1507020,weight,735,1740
1507225,weight,735,1945
1507248,weight,735,1968
1507299,weight,735,2019
1509837,weight,737,461
1511237,weight,737,1861
1511706,weight,738,282
1513250,weight,738,1826
1513463,weight,738,2039
1517583,weight,741,15
1517848,weight,741,280
1517896,weight,741,328
1517958,weight,741,390
1517971,weight,741,403
1517992,weight,741,424
1518081,weight,741,513
1518141,weight,741,573
1518144,weight,741,576
1518171,weight,741,603
1518186,weight,741,618
1518218,weight,741,650
1518376,weight,741,808
1518513,weight,741,945
1518522,weight,741,954
1518550,weight,741,982
1518554,weight,741,986
1518572,weight,741,1004
1518574,weight,741,1006
1518638,weight,741,1070
1518651,weight,741,1083
1518690,weight,741,1122
1518693,weight,741,1125
1518749,weight,741,1181
1518786,weight,741,1218
1518804,weight,741,1236
1518843,weight,741,1275
1518885,weight,741,1317
1518898,weight,741,1330
1519034,weight,741,1466
1519310,weight,741,1742
1519339,weight,741,1771
1519342,weight,741,1774
1519411,weight,741,1843
1519426,weight,741,1858
1519445,weight,741,1877
1519503,weight,741,1935
1519506,weight,741,1938
1519521,weight,741,1953
1521930,weight,743,266
1522158,weight,743,494
1522355,weight,743,691
1522505,weight,743,841
1528182,weight,746,374
1530866,weight,747,1010
1532165,weight,748,261
1532263,weight,748,359
1532264,weight,748,360
1532413,weight,748,509
1532536,weight,748,632
1532546,weight,748,642
1532565,weight,748,661
1533049,weight,748,1145
1533500,weight,748,1596
1533693,weight,748,1789
1533872,weight,748,1968
1533880,weight,748,1976
1534168,weight,749,216
1534300,weight,749,348
1534764,weight,749,812
1535071,weight,749,1119
1535078,weight,749,1126
1535260,weight,749,1308
1535397,weight,749,1445
1535557,weight,749,1605
1536059,weight,750,59
1536093,weight,750,93
1536122,weight,750,122
1536151,weight,750,151
1536176,weight,750,176
1536489,weight,750,489
1536551,weight,750,551
1536552,weight,750,552
1536562,weight,750,562
1536610,weight,750,610
1536724,weight,750,724
1536761,weight,750,761
1536829,weight,750,829
1536879,weight,750,879
1536959,weight,750,959
1537163,weight,750,1163
1537261,weight,750,1261
1537466,weight,750,1466
1537471,weight,750,1471
1537543,weight,750,1543
1537555,weight,750,1555
1537595,weight,750,1595
1537607,weight,750,1607
1537779,weight,750,1779
1537807,weight,750,1807
1537831,weight,750,1831
1537834,weight,750,1834
1537858,weight,750,1858
1537859,weight,750,1859
1537860,weight,750,1860
1537863,weight,750,1863
1537910,weight,750,1910
1538023,weight,750,2023
1541215,weight,752,1119
1541475,weight,752,1379
1541493,weight,752,1397
1542072,weight,752,1976
1542298,weight,753,154
1542387,weight,753,243
1542393,weight,753,249
1542410,weight,753,266
1542455,weight,753,311
1542467,weight,753,323
1542600,weight,753,456
1542611,weight,753,467
1542638,weight,753,494
1542655,weight,753,511
1542688,weight,753,544
1542720,weight,753,576
1542762,weight,753,618
1542809,weight,753,665
1542851,weight,753,707
1542894,weight,753,750
1542923,weight,753,779
1542933,weight,753,789
1542967,weight,753,823
1543032,weight,753,888
1543062,weight,753,918
1543328,weight,753,1184
1543357,weight,753,1213
1543419,weight,753,1275
1543489,weight,753,1345
1543548,weight,753,1404
1543642,weight,753,1498
1543873,weight,753,1729
1544043,weight,753,1899
1544083,weight,753,1939
1544100,weight,753,1956
1544149,weight,753,2005
1544174,weight,753,2030
1544593,weight,754,401
1544960,weight,754,768
1545311,weight,754,1119
1545355,weight,754,1163
1545471,weight,754,1279
1545496,weight,754,1304
1545927,weight,754,1735
1552641,weight,758,257
1559302,weight,761,774
1559954,weight,761,1426
1560759,weight,762,183
1560841,weight,762,265
1571500,weight,767,684
1571590,weight,767,774
1571623,weight,767,807
1572181,weight,767,1365
1575514,weight,769,602
1575723,weight,769,811
1576499,weight,769,1587
1576534,weight,769,1622
1576568,weight,769,1656
1577839,weight,770,879
1581074,weight,772,18
1581419,weight,772,363
1581640,weight,772,584
1582692,weight,772,1636
1582994,weight,772,1938
1583475,weight,773,371
1583878,weight,773,774
1584037,weight,773,933
1584553,weight,773,1449
1584729,weight,773,1625
1585584,weight,774,432
1585926,weight,774,774
1586235,weight,774,1083
1587224,weight,775,24
1587270,weight,775,70
1587416,weight,775,216
1587586,weight,775,386
1587619,weight,775,419
1587734,weight,775,534
1587924,weight,775,724
1588086,weight,775,886
1588430,weight,775,1230
1588505,weight,775,1305
1588580,weight,775,1380
1588645,weight,775,1445
1588761,weight,775,1561
1588844,weight,775,1644
1588893,weight,775,1693
1589223,weight,775,2023
1592209,weight,777,913
1593286,weight,777,1990
1603790,weight,783,206
1603843,weight,783,259
1604146,weight,783,562
1604261,weight,783,677
1604425,weight,783,841
1604901,weight,783,1317
1605319,weight,783,1735
1605442,weight,783,1858
1605462,weight,783,1878
1605592,weight,783,2008
1608154,weight,785,474
1608359,weight,785,679
1608556,weight,785,876
1609395,weight,785,1715
1612065,weight,787,289
1612301,weight,787,525
1612594,weight,787,818
1612854,weight,787,1078
1612864,weight,787,1088
1612984,weight,787,1208
1613232,weight,787,1456
1613315,weight,787,1539
1613387,weight,787,1611
1613714,weight,787,1938
1616026,weight,789,154
1616296,weight,789,424
1616304,weight,789,432
1616346,weight,789,474
1616799,weight,789,927
1616851,weight,789,979
1616878,weight,789,1006
1616904,weight,789,1032
1617046,weight,789,1174
1617268,weight,789,1396
1617328,weight,789,1456
1618169,weight,790,249
1618393,weight,790,473
1618691,weight,790,771
1618694,weight,790,774
1619172,weight,790,1252
1619391,weight,790,1471
1619520,weight,790,1600
1619858,weight,790,1938
1619954,weight,790,2034
1620786,weight,791,818
1621921,weight,791,1953
1621939,weight,791,1971
1622405,weight,792,389
1622573,weight,792,557
1622778,weight,792,762
1622928,weight,792,912
1622961,weight,792,945
1623258,weight,792,1242
1623969,weight,792,1953
1624142,weight,793,78
1624521,weight,793,457
1624528,weight,793,464
1624696,weight,793,632
1624716,weight,793,652
1625227,weight,793,1163
1625494,weight,793,1430
1625579,weight,793,1515
1626120,weight,794,8
1626182,weight,794,70
1626184,weight,794,72
1626194,weight,794,82
1626232,weight,794,120
1626264,weight,794,152
1626284,weight,794,172
1626346,weight,794,234
1626361,weight,794,249
1626401,weight,794,289
1626403,weight,794,291
1626418,weight,794,306
1626432,weight,794,320
1626435,weight,794,323
1626445,weight,794,333
1626513,weight,794,401
1626515,weight,794,403
1626536,weight,794,424
1626551,weight,794,439
1626586,weight,794,474
1626592,weight,794,480
1626593,weight,794,481
1626614,weight,794,502
1626633,weight,794,521
1626636,weight,794,524
1626662,weight,794,550
1626704,weight,794,592
1626720,weight,794,608
1626730,weight,794,618
1626744,weight,794,632
1626758,weight,794,646
1626763,weight,794,651
1626791,weight,794,679
1626834,weight,794,722
1626835,weight,794,723
1626886,weight,794,774
1626903,weight,794,791
1626907,weight,794,795
1626910,weight,794,798
1626916,weight,794,804
1626923,weight,794,811
1626944,weight,794,832
1626985,weight,794,873
1626987,weight,794,875
1627030,weight,794,918
1627036,weight,794,924
1627063,weight,794,951
1627091,weight,794,979
1627100,weight,794,988
1627116,weight,794,1004
1627123,weight,794,1011
1627129,weight,794,1017
1627130,weight,794,1018
1627132,weight,794,1020
1627135,weight,794,1023
1627139,weight,794,1027
1627142,weight,794,1030
1627143,weight,794,1031
1627173,weight,794,1061
1627175,weight,794,1063
1627179,weight,794,1067
1627217,weight,794,1105
1627235,weight,794,1123
1627247,weight,794,1135
1627283,weight,794,1171
1627291,weight,794,1179
1627297,weight,794,1185
1627300,weight,794,1188
1627307,weight,794,1195
1627309,weight,794,1197
1627342,weight,794,1230
1627371,weight,794,1259
1627387,weight,794,1275
1627403,weight,794,1291
1627414,weight,794,1302
1627417,weight,794,1305
1627448,weight,794,1336
1627449,weight,794,1337
1627468,weight,794,1356
1627480,weight,794,1368
1627504,weight,794,1392
1627505,weight,794,1393
1627508,weight,794,1396
1627531,weight,794,1419
1627570,weight,794,1458
1627573,weight,794,1461
1627575,weight,794,1463
1627623,weight,794,1511
1627640,weight,794,1528
1627669,weight,794,1557
1627708,weight,794,1596
1627736,weight,794,1624
1627747,weight,794,1635
1627778,weight,794,1666
1627805,weight,794,1693
1627812,weight,794,1700
1627823,weight,794,1711
1627854,weight,794,1742
1627858,weight,794,1746
1627880,weight,794,1768
1627885,weight,794,1773
1627894,weight,794,1782
1627896,weight,794,1784
1627907,weight,794,1795
1627925,weight,794,1813
1627970,weight,794,1858
1627972,weight,794,1860
1627974,weight,794,1862
1627981,weight,794,1869
1627989,weight,794,1877
1628009,weight,794,1897
1628022,weight,794,1910
1628033,weight,794,1921
1628049,weight,794,1937
1628050,weight,794,1938
1628051,weight,794,1939
1628088,weight,794,1976
1628140,weight,794,2028
1628142,weight,794,2030
1630520,weight,796,312
1630555,weight,796,347
1632295,weight,797,39
1632694,weight,797,438
1632729,weight,797,473
1637748,weight,799,1396
1639705,weight,800,1305
1640701,weight,801,253
1645182,weight,803,638
1645371,weight,803,827
1648949,weight,805,309
1649032,weight,805,392
1650890,weight,806,202
1651141,weight,806,453
1651306,weight,806,618
1651456,weight,806,768
1652593,weight,806,1905
1652887,weight,807,151
1652985,weight,807,249
1653318,weight,807,582
1653451,weight,807,715
1653515,weight,807,779
1653753,weight,807,1017
1653808,weight,807,1072
1653814,weight,807,1078
1654040,weight,807,1304
1654146,weight,807,1410
1654352,weight,807,1616
1654361,weight,807,1625
1654463,weight,807,1727
1654467,weight,807,1731
1654770,weight,807,2034
1656078,weight,808,1294
1657165,weight,809,333
1657821,weight,809,989
1658900,weight,810,20
1659365,weight,810,485
1659369,weight,810,489
1659654,weight,810,774
1659784,weight,810,904
1660077,weight,810,1197
1662160,weight,811,1232
1662904,weight,811,1976
1666260,weight,813,1236
1669164,weight,815,44
1669280,weight,815,160
1669303,weight,815,183
1669494,weight,815,374
1669539,weight,815,419
1669659,weight,815,539
1669669,weight,815,549
1669842,weight,815,722
1669843,weight,815,723
1669894,weight,815,774
1669961,weight,815,841
1670030,weight,815,910
1670109,weight,815,989
1670137,weight,815,1017
1670184,weight,815,1064
1670198,weight,815,1078
1670248,weight,815,1128
1670329,weight,815,1209
1670350,weight,815,1230
1670459,weight,815,1339
1670465,weight,815,1345
1670512,weight,815,1392
1670523,weight,815,1403
1670565,weight,815,1445
1670873,weight,815,1753
1670892,weight,815,1772
1670913,weight,815,1793
1670923,weight,815,1803
1671032,weight,815,1912
1671041,weight,815,1921
1671050,weight,815,1930
1671076,weight,815,1956
1671131,weight,815,2011
1671719,weight,816,551
1671794,weight,816,626
1672271,weight,816,1103
1677249,weight,818,1985
1684556,weight,822,1100
1685923,weight,823,419
1687572,weight,824,20
1687611,weight,824,59
1687733,weight,824,181
1687745,weight,824,193
1687771,weight,824,219
1687795,weight,824,243
1687951,weight,824,399
1687971,weight,824,419
1687975,weight,824,423
1687983,weight,824,431
1687990,weight,824,438
1688039,weight,824,487
1688041,weight,824,489
1688044,weight,824,492
1688054,weight,824,502
1688172,weight,824,620
1688184,weight,824,632
1688229,weight,824,677
1688233,weight,824,681
1688360,weight,824,808
1688364,weight,824,812
1688373,weight,824,821
1688381,weight,824,829
1688387,weight,824,835
1688422,weight,824,870
1688497,weight,824,945
1688569,weight,824,1017
1688655,weight,824,1103
1688782,weight,824,1230
1688789,weight,824,1237
1688812,weight,824,1260
1688843,weight,824,1291
1688856,weight,824,1304
1688897,weight,824,1345
1688925,weight,824,1373
1688938,weight,824,1386
1688972,weight,824,1420
1688997,weight,824,1445
1689013,weight,824,1461
1689052,weight,824,1500
1689071,weight,824,1519
1689091,weight,824,1539
1689109,weight,824,1557
1689113,weight,824,1561
1689148,weight,824,1596
1689208,weight,824,1656
1689272,weight,824,1720
1689334,weight,824,1782
1689386,weight,824,1834
1689467,weight,824,1915
1689590,weight,824,2038
1689789,weight,825,189
1689798,weight,825,198
1689846,weight,825,246
1689860,weight,825,260
1689916,weight,825,316
1690102,weight,825,502
1690129,weight,825,529
1690186,weight,825,586
1690199,weight,825,599
1690205,weight,825,605
1690207,weight,825,607
1690226,weight,825,626
1690232,weight,825,632
1690246,weight,825,646
1690267,weight,825,667
1690274,weight,825,674
1690278,weight,825,678
1690296,weight,825,696
1690316,weight,825,716
1690367,weight,825,767
1690374,weight,825,774
1690409,weight,825,809
1690488,weight,825,888
1690496,weight,825,896
1690504,weight,825,904
1690518,weight,825,918
1690543,weight,825,943
1690545,weight,825,945
1690612,weight,825,1012
1690662,weight,825,1062
1690664,weight,825,1064
1690683,weight,825,1083
1690885,weight,825,1285
1691003,weight,825,1403
1691004,weight,825,1404
1691063,weight,825,1463
1691071,weight,825,1471
1691144,weight,825,1544
1691174,weight,825,1574
1691176,weight,825,1576
1691289,weight,825,1689
1691325,weight,825,1725
1691342,weight,825,1742
1691407,weight,825,1807
1691436,weight,825,1836
1691487,weight,825,1887
1691515,weight,825,1915
1691585,weight,825,1985
1691587,weight,825,1987
1694629,weight,827,933
1695896,weight,828,152
1695898,weight,828,154
1696009,weight,828,265
1696143,weight,828,399
1696145,weight,828,401
1696163,weight,828,419
1696217,weight,828,473
1696230,weight,828,486
1696232,weight,828,488
1696233,weight,828,489
1696273,weight,828,529
1696351,weight,828,607
1696362,weight,828,618
1696388,weight,828,644
1696528,weight,828,784
1696542,weight,828,798
1696555,weight,828,811
1696563,weight,828,819
1696588,weight,828,844
1696623,weight,828,879
1696638,weight,828,894
1696655,weight,828,911
1696662,weight,828,918
1696723,weight,828,979
1696771,weight,828,1027
1696818,weight,828,1074
1696900,weight,828,1156
1696929,weight,828,1185
1697019,weight,828,1275
1697063,weight,828,1319
1697136,weight,828,1392
1697142,weight,828,1398
1697161,weight,828,1417
1697205,weight,828,1461
1697272,weight,828,1528
1697283,weight,828,1539
1697316,weight,828,1572
1697327,weight,828,1583
1697345,weight,828,1601
1697369,weight,828,1625
1697379,weight,828,1635
1697437,weight,828,1693
1697479,weight,828,1735
1697496,weight,828,1752
1697542,weight,828,1798
1697557,weight,828,1813
1697580,weight,828,1836
1697678,weight,828,1934
1697686,weight,828,1942
1697703,weight,828,1959
1697719,weight,828,1975
1697720,weight,828,1976
1697745,weight,828,2001
1697771,weight,828,2027
1699651,weight,829,1859
1701987,weight,831,99
1702177,weight,831,289
1702679,weight,831,791
1708040,weight,834,8
1708531,weight,834,499
1709210,weight,834,1178
1709371,weight,834,1339
1712119,weight,835,2039
1712585,weight,836,457
1716693,weight,838,469
1717145,weight,838,921
1717470,weight,838,1246
1717624,weight,838,1400
1717726,weight,838,1502
1717839,weight,838,1615
1717860,weight,838,1636
1717969,weight,838,1745
1720362,weight,840,42
1720435,weight,840,115
1720577,weight,840,257
1720611,weight,840,291
1720668,weight,840,348
1720937,weight,840,617
1721208,weight,840,888
1721215,weight,840,895
1721820,weight,840,1500
1722049,weight,840,1729
1722151,weight,840,1831
1722178,weight,840,1858
1722273,weight,840,1953
1722975,weight,841,607
1723045,weight,841,677
1723313,weight,841,945
1723659,weight,841,1291
1724424,weight,842,8
1724604,weight,842,188
1724790,weight,842,374
1724839,weight,842,423
1724905,weight,842,489
1725093,weight,842,677
1725245,weight,842,829
1725375,weight,842,959
1725813,weight,842,1397
1728614,weight,844,102
1728751,weight,844,239
1728901,weight,844,389
1729748,weight,844,1236
1729754,weight,844,1242
1729806,weight,844,1294
1729854,weight,844,1342
1730247,weight,844,1735
1730370,weight,844,1858
1730465,weight,844,1953
1731433,weight,845,873
1732036,weight,845,1476
1732513,weight,845,1953
1740922,weight,850,122
1741201,weight,850,401
1745524,weight,852,628
1745531,weight,852,635
1746075,weight,852,1179
1746443,weight,852,1547
1746838,weight,852,1942
1747210,weight,853,266
1747635,weight,853,691
1747657,weight,853,713
1747706,weight,853,762
1748122,weight,853,1178
1748230,weight,853,1286
1748299,weight,853,1355
1748341,weight,853,1397
1748342,weight,853,1398
1748571,weight,853,1627
1749231,weight,854,239
1749465,weight,854,473
1749693,weight,854,701
1749716,weight,854,724
1749743,weight,854,751
1749781,weight,854,789
1749810,weight,854,818
1750002,weight,854,1010
1750106,weight,854,1114
1750155,weight,854,1163
1750209,weight,854,1217
1750335,weight,854,1343
1750785,weight,854,1793
1750859,weight,854,1867
1750889,weight,854,1897
1750948,weight,854,1956
1750949,weight,854,1957
1750968,weight,854,1976
1751158,weight,855,118
1751178,weight,855,138
1751228,weight,855,188
1752203,weight,855,1163
1752501,weight,855,1461
1752822,weight,855,1782
1752903,weight,855,1863
1757267,weight,858,83
1757348,weight,858,164
1757360,weight,858,176
1757368,weight,858,184
1757433,weight,858,249
1757443,weight,858,259
1757460,weight,858,276
1757595,weight,858,411
1757761,weight,858,577
1757795,weight,858,611
1757845,weight,858,661
1757861,weight,858,677
1757880,weight,858,696
1757900,weight,858,716
1757958,weight,858,774
1758018,weight,858,834
1758106,weight,858,922
1758129,weight,858,945
1758217,weight,858,1033
1758248,weight,858,1064
1758267,weight,858,1083
1758301,weight,858,1117
1758316,weight,858,1132
1758367,weight,858,1183
1758369,weight,858,1185
1758418,weight,858,1234
1758475,weight,858,1291
1758521,weight,858,1337
1758529,weight,858,1345
1758581,weight,858,1397
1758670,weight,858,1486
1758679,weight,858,1495
1758695,weight,858,1511
1758883,weight,858,1699
1758948,weight,858,1764
1758981,weight,858,1797
1759056,weight,858,1872
1759079,weight,858,1895
1759085,weight,858,1901
1759094,weight,858,1910
1759189,weight,858,2005
1761513,weight,860,233
1768070,weight,863,646
1772223,weight,865,703
1777802,weight,868,138
1778138,weight,868,474
1778185,weight,868,521
1778250,weight,868,586
1778282,weight,868,618
1778442,weight,868,778
1778542,weight,868,878
1778543,weight,868,879
1778597,weight,868,933
1778638,weight,868,974
1778799,weight,868,1135
1778897,weight,868,1233
1778947,weight,868,1283
1778983,weight,868,1319
1779006,weight,868,1342
1779016,weight,868,1352
1779061,weight,868,1397
1779134,weight,868,1470
1779135,weight,868,1471
1779301,weight,868,1637
1779319,weight,868,1655
1779457,weight,868,1793
1779495,weight,868,1831
1779620,weight,868,1956
1779778,weight,869,66
1779939,weight,869,227
1780135,weight,869,423
1780790,weight,869,1078
1780840,weight,869,1128
1780958,weight,869,1246
1781251,weight,869,1539
1781739,weight,869,2027
1783500,weight,870,1740
1783713,weight,870,1953
1788872,weight,873,968
1798633,weight,878,489
1798988,weight,878,844
1799341,weight,878,1197
1799462,weight,878,1318
1800212,weight,879,20
1800380,weight,879,188
1800578,weight,879,386
1800656,weight,879,464
1800679,weight,879,487
1800893,weight,879,701
1801178,weight,879,986
1801370,weight,879,1178
1801483,weight,879,1291
1801529,weight,879,1337
1801708,weight,879,1516
1801851,weight,879,1659
1801885,weight,879,1693
1802054,weight,879,1862
1804537,weight,881,249
1809053,weight,883,669
1809107,weight,883,723
1809295,weight,883,911
1809813,weight,883,1429
1809991,weight,883,1607
1810540,weight,884,108
1810714,weight,884,282
1810755,weight,884,323
1810820,weight,884,388
1810895,weight,884,463
1810986,weight,884,554
1811002,weight,884,570
1811037,weight,884,605
1811206,weight,884,774
1811943,weight,884,1511
1812076,weight,884,1644
1812110,weight,884,1678
1812155,weight,884,1723
1812497,weight,885,17
1812522,weight,885,42
1812545,weight,885,65
1812556,weight,885,76
1812573,weight,885,93
1812582,weight,885,102
1812598,weight,885,118
1812600,weight,885,120
1812629,weight,885,149
1812646,weight,885,166
1812650,weight,885,170
1812664,weight,885,184
1812677,weight,885,197
1812678,weight,885,198
1812682,weight,885,202
1812714,weight,885,234
1812715,weight,885,235
1812771,weight,885,291
1812792,weight,885,312
1812798,weight,885,318
1812800,weight,885,320
1812803,weight,885,323
1812809,weight,885,329
1812814,weight,885,334
1812824,weight,885,344
1812834,weight,885,354
1812861,weight,885,381
1812869,weight,885,389
1812879,weight,885,399
1812881,weight,885,401
1812891,weight,885,411
1812904,weight,885,424
1812918,weight,885,438
1812945,weight,885,465
1812953,weight,885,473
1812982,weight,885,502
1812986,weight,885,506
1813034,weight,885,554
1813039,weight,885,559
1813044,weight,885,564
1813047,weight,885,567
1813085,weight,885,605
1813087,weight,885,607
1813097,weight,885,617
1813112,weight,885,632
1813131,weight,885,651
1813157,weight,885,677
1813164,weight,885,684
1813204,weight,885,724
1813216,weight,885,736
1813284,weight,885,804
1813291,weight,885,811
1813320,weight,885,840
1813346,weight,885,866
1813353,weight,885,873
1813355,weight,885,875
1813359,weight,885,879
1813371,weight,885,891
1813425,weight,885,945
1813433,weight,885,953
1813439,weight,885,959
1813445,weight,885,965
1813454,weight,885,974
1813459,weight,885,979
1813466,weight,885,986
1813486,weight,885,1006
1813491,weight,885,1011
1813508,weight,885,1028
1813560,weight,885,1080
1813580,weight,885,1100
1813584,weight,885,1104
1813585,weight,885,1105
1813611,weight,885,1131
1813638,weight,885,1158
1813659,weight,885,1179
1813663,weight,885,1183
1813698,weight,885,1218
1813714,weight,885,1234
1813738,weight,885,1258
1813749,weight,885,1269
1813751,weight,885,1271
1813763,weight,885,1283
1813768,weight,885,1288
1813774,weight,885,1294
1813784,weight,885,1304
1813803,weight,885,1323
1813856,weight,885,1376
1813864,weight,885,1384
1813869,weight,885,1389
1813876,weight,885,1396
1813877,weight,885,1397
1813892,weight,885,1412
1813897,weight,885,1417
1813899,weight,885,1419
1813941,weight,885,1461
1813943,weight,885,1463
1813956,weight,885,1476
1813966,weight,885,1486
1813971,weight,885,1491
1813972,weight,885,1492
1813982,weight,885,1502
1814007,weight,885,1527
1814023,weight,885,1543
1814029,weight,885,1549
1814060,weight,885,1580
1814069,weight,885,1589
1814076,weight,885,1596
1814085,weight,885,1605
1814087,weight,885,1607
1814105,weight,885,1625
1814130,weight,885,1650
1814136,weight,885,1656
1814146,weight,885,1666
1814163,weight,885,1683
1814173,weight,885,1693
1814215,weight,885,1735
1814220,weight,885,1740
1814221,weight,885,1741
1814237,weight,885,1757
1814244,weight,885,1764
1814287,weight,885,1807
1814293,weight,885,1813
1814311,weight,885,1831
1814312,weight,885,1832
1814335,weight,885,1855
1814352,weight,885,1872
1814357,weight,885,1877
1814390,weight,885,1910
1814395,weight,885,1915
1814419,weight,885,1939
1814422,weight,885,1942
1814433,weight,885,1953
1814444,weight,885,1964
1814446,weight,885,1966
1814448,weight,885,1968
1814449,weight,885,1969
1814462,weight,885,1982
1814508,weight,885,2028
1814518,weight,885,2038
1817007,weight,887,431
1817394,weight,887,818
1817405,weight,887,829
1817749,weight,887,1173
1818044,weight,887,1468
1818087,weight,887,1511
1818475,weight,887,1899
1823538,weight,890,818
1824796,weight,891,28
1824828,weight,891,60
1824922,weight,891,154
1824949,weight,891,181
1825020,weight,891,252
1825057,weight,891,289
1825322,weight,891,554
1825325,weight,891,557
1825396,weight,891,628
1825419,weight,891,651
1825427,weight,891,659
1825442,weight,891,674
1825459,weight,891,691
1825469,weight,891,701
1825508,weight,891,740
1825542,weight,891,774
1825566,weight,891,798
1825574,weight,891,806
1825603,weight,891,835
1825612,weight,891,844
1825641,weight,891,873
1825672,weight,891,904
1825953,weight,891,1185
1825976,weight,891,1208
1826110,weight,891,1342
1826168,weight,891,1400
1826239,weight,891,1471
1826307,weight,891,1539
1826316,weight,891,1548
1826334,weight,891,1566
1826340,weight,891,1572
1826450,weight,891,1682
1826461,weight,891,1693
1826510,weight,891,1742
1826628,weight,891,1860
1826630,weight,891,1862
1826647,weight,891,1879
1826706,weight,891,1938
1826744,weight,891,1976
1826773,weight,891,2005
1826792,weight,891,2024
1827151,weight,892,335
1827205,weight,892,389
1827493,weight,892,677
1828058,weight,892,1242
1828287,weight,892,1471
1828548,weight,892,1732
1828551,weight,892,1735
1828755,weight,892,1939
1828940,weight,893,76
1829187,weight,893,323
1829261,weight,893,397
1829262,weight,893,398
1829337,weight,893,473
1829353,weight,893,489
1829388,weight,893,524
1829510,weight,893,646
1829541,weight,893,677
1829667,weight,893,803
1829668,weight,893,804
1829763,weight,893,899
1829782,weight,893,918
1829843,weight,893,979
1829876,weight,893,1012
1829897,weight,893,1033
1829901,weight,893,1037
1829956,weight,893,1092
1830055,weight,893,1191
1830110,weight,893,1246
1830325,weight,893,1461
1830327,weight,893,1463
1830557,weight,893,1693
1830599,weight,893,1735
1830622,weight,893,1758
1830677,weight,893,1813
1830806,weight,893,1942
1830892,weight,893,2028
1830920,weight,894,8
1831184,weight,894,272
1831372,weight,894,460
1831589,weight,894,677
1831613,weight,894,701
1831748,weight,894,836
1831785,weight,894,873
1831932,weight,894,1020
1831999,weight,894,1087
1832004,weight,894,1092
1832090,weight,894,1178
1832146,weight,894,1234
1832310,weight,894,1398
1832357,weight,894,1445
1832574,weight,894,1662
1832618,weight,894,1706
1835382,weight,896,374
1835852,weight,896,844
1840016,weight,898,912
1840267,weight,898,1163
1840320,weight,898,1216
1840964,weight,898,1860
1841057,weight,898,1953
1842085,weight,899,933
1848388,weight,902,1092
1848542,weight,902,1246
1848716,weight,902,1420
1848911,weight,902,1615
1849471,weight,903,127
1849500,weight,903,156
1849694,weight,903,350
1849809,weight,903,465
1849918,weight,903,574
1850028,weight,903,684
1850447,weight,903,1103
1850453,weight,903,1109
1850507,weight,903,1163
1850570,weight,903,1226
1850630,weight,903,1286
1850681,weight,903,1337
1850701,weight,903,1357
1850764,weight,903,1420
1851013,weight,903,1669
1851064,weight,903,1720
1851119,weight,903,1775
1851202,weight,903,1858
1851227,weight,903,1883
1851235,weight,903,1891
1851241,weight,903,1897
1851415,weight,904,23
1851471,weight,904,79
1851501,weight,904,109
1851507,weight,904,115
1851546,weight,904,154
1851563,weight,904,171
1851590,weight,904,198
1851598,weight,904,206
1851641,weight,904,249
1851657,weight,904,265
1851658,weight,904,266
1851728,weight,904,336
1851748,weight,904,356
1851764,weight,904,372
1851778,weight,904,386
1851785,weight,904,393
1851848,weight,904,456
1851855,weight,904,463
1851865,weight,904,473
1851879,weight,904,487
1851932,weight,904,540
1851956,weight,904,564
1851986,weight,904,594
1851999,weight,904,607
1852000,weight,904,608
1852010,weight,904,618
1852076,weight,904,684
1852099,weight,904,707
1852105,weight,904,713
1852107,weight,904,715
1852115,weight,904,723
1852148,weight,904,756
1852171,weight,904,779
1852197,weight,904,805
1852222,weight,904,830
1852240,weight,904,848
1852271,weight,904,879
1852286,weight,904,894
1852310,weight,904,918
1852323,weight,904,931
1852325,weight,904,933
1852395,weight,904,1003
1852452,weight,904,1060
1852475,weight,904,1083
1852537,weight,904,1145
1852573,weight,904,1181
1852577,weight,904,1185
1852578,weight,904,1186
1852608,weight,904,1216
1852617,weight,904,1225
1852658,weight,904,1266
1852667,weight,904,1275
1852683,weight,904,1291
1852685,weight,904,1293
1852694,weight,904,1302
1852695,weight,904,1303
1852697,weight,904,1305
1852708,weight,904,1316
1852728,weight,904,1336
1852737,weight,904,1345
1852762,weight,904,1370
1852776,weight,904,1384
1852778,weight,904,1386
1852790,weight,904,1398
1852812,weight,904,1420
1852824,weight,904,1432
1852848,weight,904,1456
1852874,weight,904,1482
1852892,weight,904,1500
1852897,weight,904,1505
1852919,weight,904,1527
1852928,weight,904,1536
1852933,weight,904,1541
1852939,weight,904,1547
1852948,weight,904,1556
1852949,weight,904,1557
1853127,weight,904,1735
1853142,weight,904,1750
1853144,weight,904,1752
1853224,weight,904,1832
1853228,weight,904,1836
1853234,weight,904,1842
1853250,weight,904,1858
1853254,weight,904,1862
1853267,weight,904,1875
1853269,weight,904,1877
1853275,weight,904,1883
1853325,weight,904,1933
1853331,weight,904,1939
1853345,weight,904,1953
1853356,weight,904,1964
1853368,weight,904,1976
1853448,weight,905,8
1853499,weight,905,59
1853556,weight,905,116
1853689,weight,905,249
1853714,weight,905,274
1853746,weight,905,306
1853763,weight,905,323
1853796,weight,905,356
1853896,weight,905,456
1853989,weight,905,549
1854030,weight,905,590
1854066,weight,905,626
1854117,weight,905,677
1854139,weight,905,699
1854142,weight,905,702
1854144,weight,905,704
1854147,weight,905,707
1854153,weight,905,713
1854159,weight,905,719
1854251,weight,905,811
1854274,weight,905,834
1854422,weight,905,982
1854457,weight,905,1017
1854518,weight,905,1078
1854731,weight,905,1291
1854738,weight,905,1298
1854797,weight,905,1357
1854808,weight,905,1368
1854836,weight,905,1396
1854854,weight,905,1414
1854896,weight,905,1456
1855036,weight,905,1596
1855040,weight,905,1600
1855045,weight,905,1605
1855056,weight,905,1616
1855155,weight,905,1715
1855190,weight,905,1750
1855379,weight,905,1939
1855416,weight,905,1976
1855429,weight,905,1989
1855615,weight,906,127
1855723,weight,906,235
1855730,weight,906,242
1855808,weight,906,320
1855811,weight,906,323
1855881,weight,906,393
1855907,weight,906,419
1855926,weight,906,438
1855952,weight,906,464
1855961,weight,906,473
1856013,weight,906,525
1856022,weight,906,534
1856098,weight,906,610
1856106,weight,906,618
1856138,weight,906,650
1856165,weight,906,677
1856168,weight,906,680
1856191,weight,906,703
1856292,weight,906,804
1856306,weight,906,818
1856428,weight,906,940
1856505,weight,906,1017
1856531,weight,906,1043
1856548,weight,906,1060
1856614,weight,906,1126
1856651,weight,906,1163
1856653,weight,906,1165
1856763,weight,906,1275
1856779,weight,906,1291
1856833,weight,906,1345
1856905,weight,906,1417
1856949,weight,906,1461
1856959,weight,906,1471
1857045,weight,906,1557
1857145,weight,906,1657
1857147,weight,906,1659
1857223,weight,906,1735
1857285,weight,906,1797
1857323,weight,906,1835
1857355,weight,906,1867
1857398,weight,906,1910
1857498,weight,906,2010
1857677,weight,907,141
1859870,weight,908,286
1862166,weight,909,534
1863239,weight,909,1607
1864308,weight,910,628
1864396,weight,910,716
1865013,weight,910,1333
1865736,weight,911,8
1865759,weight,911,31
1865763,weight,911,35
1865770,weight,911,42
1865784,weight,911,56
1865793,weight,911,65
1865831,weight,911,103
1865835,weight,911,107
1865909,weight,911,181
1865971,weight,911,243
1865977,weight,911,249
1866040,weight,911,312
1866062,weight,911,334
1866106,weight,911,378
1866114,weight,911,386
1866117,weight,911,389
1866127,weight,911,399
1866142,weight,911,414
1866147,weight,911,419
1866151,weight,911,423
1866164,weight,911,436
1866166,weight,911,438
1866209,weight,911,481
1866215,weight,911,487
1866217,weight,911,489
1866257,weight,911,529
1866258,weight,911,530
1866277,weight,911,549
1866317,weight,911,589
1866338,weight,911,610
1866360,weight,911,632
1866378,weight,911,650
1866405,weight,911,677
1866443,weight,911,715
1866478,weight,911,750
1866485,weight,911,757
1866496,weight,911,768
1866504,weight,911,776
1866532,weight,911,804
1866541,weight,911,813
1866551,weight,911,823
1866579,weight,911,851
1866603,weight,911,875
1866605,weight,911,877
1866607,weight,911,879
1866646,weight,911,918
1866673,weight,911,945
1866681,weight,911,953
1866687,weight,911,959
1866726,weight,911,998
1866745,weight,911,1017
1866748,weight,911,1020
1866811,weight,911,1083
1866836,weight,911,1108
1866840,weight,911,1112
1866847,weight,911,1119
1866903,weight,911,1175
1866906,weight,911,1178
1866964,weight,911,1236
1866987,weight,911,1259
1867013,weight,911,1285
1867019,weight,911,1291
1867058,weight,911,1330
1867067,weight,911,1339
1867101,weight,911,1373
1867114,weight,911,1386
1867117,weight,911,1389
1867120,weight,911,1392
1867125,weight,911,1397
1867131,weight,911,1403
1867148,weight,911,1420
1867155,weight,911,1427
1867160,weight,911,1432
1867171,weight,911,1443
1867177,weight,911,1449
1867189,weight,911,1461
1867199,weight,911,1471
1867228,weight,911,1500
1867261,weight,911,1533
1867269,weight,911,1541
1867271,weight,911,1543
1867285,weight,911,1557
1867306,weight,911,1578
1867308,weight,911,1580
1867319,weight,911,1591
1867324,weight,911,1596
1867327,weight,911,1599
1867335,weight,911,1607
1867344,weight,911,1616
1867349,weight,911,1621
1867357,weight,911,1629
1867361,weight,911,1633
1867367,weight,911,1639
1867385,weight,911,1657
1867407,weight,911,1679
1867462,weight,911,1734
1867468,weight,911,1740
1867469,weight,911,1741
1867492,weight,911,1764
1867506,weight,911,1778
1867525,weight,911,1797
1867540,weight,911,1812
1867549,weight,911,1821
1867586,weight,911,1858
1867587,weight,911,1859
1867626,weight,911,1898
1867633,weight,911,1905
1867638,weight,911,1910
1867643,weight,911,1915
1867667,weight,911,1939
1867668,weight,911,1940
1867681,weight,911,1953
1867696,weight,911,1968
1868333,weight,912,557
1869193,weight,912,1417
1869639,weight,912,1863
1870345,weight,913,521
1870374,weight,913,550
1870381,weight,913,557
1870430,weight,913,606
1870861,weight,913,1037
1871423,weight,913,1599
1871619,weight,913,1795
1871760,weight,913,1936
1875858,weight,915,1938
1876050,weight,916,82
1876115,weight,916,147
1876122,weight,916,154
1876470,weight,916,502
1876647,weight,916,679
1876670,weight,916,702
1876747,weight,916,779
1876779,weight,916,811
1877046,weight,916,1078
1877094,weight,916,1126
1877175,weight,916,1207
1877365,weight,916,1397
1877820,weight,916,1852
1878586,weight,917,570
1879199,weight,917,1183
1879995,weight,917,1979
1880218,weight,918,154
1880275,weight,918,211
1880692,weight,918,628
1880696,weight,918,632
1880741,weight,918,677
1880855,weight,918,791
1880859,weight,918,795
1881011,weight,918,947
1881369,weight,918,1305
1881539,weight,918,1475
1881557,weight,918,1493
1881636,weight,918,1572
1881665,weight,918,1601
1881840,weight,918,1776
1881899,weight,918,1835
1882003,weight,918,1939
1884579,weight,920,419
1887037,weight,921,829
1889375,weight,922,1119
1892697,weight,924,345
1896860,weight,926,412
1898282,weight,926,1834
1898583,weight,927,87
1899114,weight,927,618
1899212,weight,927,716
1900035,weight,927,1539
1900191,weight,927,1695
1900327,weight,927,1831
1900367,weight,927,1871
1900793,weight,928,249
1901035,weight,928,491
1901725,weight,928,1181
1901873,weight,928,1329
1902015,weight,928,1471
1902135,weight,928,1591
1902190,weight,928,1646
1902403,weight,928,1859
1902668,weight,929,76
1902730,weight,929,138
1903049,weight,929,457
1903596,weight,929,1004
1903755,weight,929,1163
1904679,weight,930,39
1904700,weight,930,60
1904737,weight,930,97
1904831,weight,930,191
1904973,weight,930,333
1904985,weight,930,345
1905059,weight,930,419
1905103,weight,930,463
1905110,weight,930,470
1905194,weight,930,554
1905204,weight,930,564
1905224,weight,930,584
1905268,weight,930,628
1905402,weight,930,762
1905441,weight,930,801
1905714,weight,930,1074
1905896,weight,930,1256
1906173,weight,930,1533
1906187,weight,930,1547
1906226,weight,930,1586
1906284,weight,930,1644
1906345,weight,930,1705
1906349,weight,930,1709
1906375,weight,930,1735
1906381,weight,930,1741
1906435,weight,930,1795
1906612,weight,930,1972
1906627,weight,930,1987
1907668,weight,931,980
1908080,weight,931,1392
1908235,weight,931,1547
1908693,weight,931,2005
1908988,weight,932,252
1909414,weight,932,678
1909658,weight,932,922
1909748,weight,932,1012
1909921,weight,932,1185
1910017,weight,932,1281
1910075,weight,932,1339
1910238,weight,932,1502
1910448,weight,932,1712
1913043,weight,934,211
1913727,weight,934,895
1915177,weight,935,297
1915343,weight,935,463
1915561,weight,935,681
1915999,weight,935,1119
1916122,weight,935,1242
1916373,weight,935,1493
1916948,weight,936,20
1916977,weight,936,49
1917036,weight,936,108
1917144,weight,936,216
1917147,weight,936,219
1917151,weight,936,223
1917162,weight,936,234
1917181,weight,936,253
1917302,weight,936,374
1917375,weight,936,447
1917392,weight,936,464
1917398,weight,936,470
1917401,weight,936,473
1917417,weight,936,489
1917580,weight,936,652
1917639,weight,936,711
1917650,weight,936,722
1917695,weight,936,767
1917724,weight,936,796
1917807,weight,936,879
1917826,weight,936,898
1917827,weight,936,899
1917850,weight,936,922
1917873,weight,936,945
1917902,weight,936,974
1917906,weight,936,978
1917945,weight,936,1017
1917965,weight,936,1037
1918000,weight,936,1072
1918030,weight,936,1102
1918163,weight,936,1235
1918228,weight,936,1300
1918308,weight,936,1380
1918399,weight,936,1471
1918494,weight,936,1566
1918495,weight,936,1567
1918670,weight,936,1742
1918951,weight,936,2023
1918958,weight,936,2030
1919324,weight,937,348
1919433,weight,937,457
1919849,weight,937,873
1919866,weight,937,890
1919888,weight,937,912
1919965,weight,937,989
1920165,weight,937,1189
1920632,weight,937,1656
1920791,weight,937,1815
1921240,weight,938,216
1921263,weight,938,239
1921280,weight,938,256
1921601,weight,938,577
1921831,weight,938,807
1921914,weight,938,890
1922209,weight,938,1185
1922260,weight,938,1236
1922495,weight,938,1471
1922759,weight,938,1735
1922792,weight,938,1768
1922839,weight,938,1815
1922882,weight,938,1858
1922999,weight,938,1975
1923450,weight,939,378
1927030,weight,940,1910
1927837,weight,941,669
1928157,weight,941,989
1929207,weight,941,2039
1929682,weight,942,466
1930942,weight,942,1726
1933498,weight,944,186
1934795,weight,944,1483
1936110,weight,945,750
1936255,weight,945,895
1937731,weight,946,323
1938133,weight,946,725
1938256,weight,946,848
1940575,weight,947,1119
1942853,weight,948,1349
1944204,weight,949,652
1944523,weight,949,971
1944525,weight,949,973
1945023,weight,949,1471
1945978,weight,950,378
1946350,weight,950,750
1946832,weight,950,1232
1947546,weight,950,1946
1948067,weight,951,419
1948091,weight,951,443
1949894,weight,952,198
1949938,weight,952,242
1950142,weight,952,446
1950207,weight,952,511
1950420,weight,952,724
1950685,weight,952,989
1950770,weight,952,1074
1950928,weight,952,1232
1951652,weight,952,1956
1951724,weight,952,2028
1952390,weight,953,646
1952417,weight,953,673
1952851,weight,953,1107
1953215,weight,953,1471
1954636,weight,954,844
1954852,weight,954,1060
1955423,weight,954,1631
1955485,weight,954,1693
1955752,weight,954,1960
1955889,weight,955,49
1956092,weight,955,252
1956386,weight,955,546
1956737,weight,955,897
1956835,weight,955,995
1956900,weight,955,1060
1957333,weight,955,1493
1957456,weight,955,1616
1957620,weight,955,1780
1957663,weight,955,1823
1958042,weight,956,154
1958304,weight,956,416
1958361,weight,956,473
1958417,weight,956,529
1958442,weight,956,554
1958668,weight,956,780
1958738,weight,956,850
1958798,weight,956,910
1958962,weight,956,1074
1959127,weight,956,1239
1959245,weight,956,1357
1959309,weight,956,1421
1959626,weight,956,1738
1959699,weight,956,1811
1960124,weight,957,188
1960175,weight,957,239
1960439,weight,957,503
1960465,weight,957,529
1960582,weight,957,646
1960780,weight,957,844
1961000,weight,957,1064
1961249,weight,957,1313
1961486,weight,957,1550
1961882,weight,957,1946
1961954,weight,957,2018
1962173,weight,958,189
1962483,weight,958,499
1962564,weight,958,580
1962630,weight,958,646
1962685,weight,958,701
1962695,weight,958,711
1962699,weight,958,715
1962882,weight,958,898
1963101,weight,958,1117
1963484,weight,958,1500
1963487,weight,958,1503
1963815,weight,958,1831
1964985,weight,959,953
1965503,weight,959,1471
1965773,weight,959,1741
1966443,weight,960,363
1968048,weight,960,1968
1968193,weight,961,65
1968309,weight,961,181
1968381,weight,961,253
1968448,weight,961,320
1968999,weight,961,871
1969073,weight,961,945
1969116,weight,961,988
1969192,weight,961,1064
1969208,weight,961,1080
1969316,weight,961,1188
1969325,weight,961,1197
1969364,weight,961,1236
1969419,weight,961,1291
1969524,weight,961,1396
1969573,weight,961,1445
1969684,weight,961,1556
1969727,weight,961,1599
1969863,weight,961,1735
1969869,weight,961,1741
1969960,weight,961,1832
1969986,weight,961,1858
1970081,weight,961,1953
1970278,weight,962,102
1970286,weight,962,110
1970762,weight,962,586
1970950,weight,962,774
1971412,weight,962,1236
1972422,weight,963,198
1972569,weight,963,345
1972790,weight,963,566
1972870,weight,963,646
1973145,weight,963,921
1973213,weight,963,989
1973685,weight,963,1461
1974332,weight,964,60
1974665,weight,964,393
1974839,weight,964,567
1975372,weight,964,1100
1976506,weight,965,186
1976822,weight,965,502
1977031,weight,965,711
1981234,weight,967,818
1983243,weight,968,779
1983255,weight,968,791
1983443,weight,968,979
1983583,weight,968,1119
1984361,weight,968,1897
1984599,weight,969,87
1984672,weight,969,160
1984853,weight,969,341
1985066,weight,969,554
1985228,weight,969,716
1985612,weight,969,1100
1985749,weight,969,1237
1986479,weight,969,1967
1987403,weight,970,843
1988675,weight,971,67
1988678,weight,971,70
1988868,weight,971,260
1988928,weight,971,320
1989009,weight,971,401
1989110,weight,971,502
1989132,weight,971,524
1989213,weight,971,605
1989261,weight,971,653
1989285,weight,971,677
1989588,weight,971,980
1989788,weight,971,1180
1989910,weight,971,1302
1990113,weight,971,1505
1990136,weight,971,1528
1990141,weight,971,1533
1990303,weight,971,1695
1990376,weight,971,1768
1990505,weight,971,1897
1990561,weight,971,1953
1990664,weight,972,8
1990715,weight,972,59
1990945,weight,972,289
1990988,weight,972,332
1990997,weight,972,341
1991012,weight,972,356
1991107,weight,972,451
1991158,weight,972,502
1991264,weight,972,608
1991273,weight,972,617
1991302,weight,972,646
1991372,weight,972,716
1991424,weight,972,768
1991499,weight,972,843
1991527,weight,972,871
1991529,weight,972,873
1991562,weight,972,906
1991601,weight,972,945
1991626,weight,972,970
1991770,weight,972,1114
1991773,weight,972,1117
1991912,weight,972,1256
1992048,weight,972,1392
1992060,weight,972,1404
1992185,weight,972,1529
1992237,weight,972,1581
1992272,weight,972,1616
1992345,weight,972,1689
1992382,weight,972,1726
1992571,weight,972,1915
1992583,weight,972,1927
1992953,weight,973,249
1992956,weight,973,252
1992965,weight,973,261
1993072,weight,973,368
1993075,weight,973,371
1993115,weight,973,411
1993123,weight,973,419
1993147,weight,973,443
1993253,weight,973,549
1993257,weight,973,553
1993395,weight,973,691
1993741,weight,973,1037
1993766,weight,973,1062
1993804,weight,973,1100
1993831,weight,973,1127
1993960,weight,973,1256
1994052,weight,973,1348
1994061,weight,973,1357
1994197,weight,973,1493
1994366,weight,973,1662
1994498,weight,973,1794
1994538,weight,973,1834
1994708,weight,973,2004
1994991,weight,974,239
1995209,weight,974,457
1995600,weight,974,848
1995722,weight,974,970
1995869,weight,974,1117
1995926,weight,974,1174
1995970,weight,974,1218
1996055,weight,974,1303
1996477,weight,974,1725
1996591,weight,974,1839
1996667,weight,974,1915
1996705,weight,974,1953
1997745,weight,975,945
1999313,weight,976,465
2000801,weight,976,1953
2001134,weight,977,238
2001156,weight,977,260
2001430,weight,977,534
2001612,weight,977,716
2001748,weight,977,852
2001841,weight,977,945
2001933,weight,977,1037
2002190,weight,977,1294
2002585,weight,977,1689
2003182,weight,978,238
2003387,weight,978,443
2004886,weight,978,1942
2005156,weight,979,164
2005158,weight,979,166
2005455,weight,979,463
2005494,weight,979,502
2006140,weight,979,1148
2006153,weight,979,1161
2006349,weight,979,1357
2006439,weight,979,1447
2006485,weight,979,1493
2006661,weight,979,1669
2006733,weight,979,1741
2006741,weight,979,1749
2006946,weight,979,1954
2007224,weight,980,184
2007301,weight,980,261
2007371,weight,980,331
2007503,weight,980,463
2007542,weight,980,502
2007551,weight,980,511
2007832,weight,980,792
2007993,weight,980,953
2008085,weight,980,1045
2008157,weight,980,1117
2008198,weight,980,1158
2008450,weight,980,1410
2008487,weight,980,1447
2008627,weight,980,1587
2008729,weight,980,1689
2008739,weight,980,1699
2008930,weight,980,1890
2011635,weight,982,499
2013861,weight,983,677
2015386,weight,984,154
2017622,weight,985,342
2018489,weight,985,1209
2019267,weight,985,1987
2020814,weight,986,1486
2021371,weight,986,2043
2021794,weight,987,418
2022546,weight,987,1170
2022869,weight,987,1493
2026179,weight,989,707
2027078,weight,989,1606
2027244,weight,989,1772
2027428,weight,989,1956
2027773,weight,990,253
2027776,weight,990,256
2027848,weight,990,328
2027944,weight,990,424
2028106,weight,990,586
2028193,weight,990,673
2028258,weight,990,738
2028299,weight,990,779
2029458,weight,990,1938
2029797,weight,991,229
2030188,weight,991,620
2030361,weight,991,793
2030446,weight,991,878
2030687,weight,991,1119
2030753,weight,991,1185
2031392,weight,991,1824
2032851,weight,992,1235
2033308,weight,992,1692
2034902,weight,993,1238
2036670,weight,994,958
2037574,weight,994,1862
2038579,weight,995,819
2038722,weight,995,962
2039818,weight,996,10
2040020,weight,996,212
2040156,weight,996,348
2040228,weight,996,420
2040339,weight,996,531
2040386,weight,996,578
2040529,weight,996,721
2040570,weight,996,762
2040609,weight,996,801
2040874,weight,996,1066
2040881,weight,996,1073
2040910,weight,996,1102
2040911,weight,996,1103
2040927,weight,996,1119
2040969,weight,996,1161
2041014,weight,996,1206
2041058,weight,996,1250
2041087,weight,996,1279
2041543,weight,996,1735
2041580,weight,996,1772
2043615,weight,997,1759
2044022,weight,998,118
2044466,weight,998,562
2044532,weight,998,628
2044583,weight,998,679
2044941,weight,998,1037
2045069,weight,998,1165
2045421,weight,998,1517
2045735,weight,998,1831
2045834,weight,998,1930
2045879,weight,998,1975
2046375,weight,999,423
2047423,weight,999,1471
